{
"type": "FeatureCollection",
"name": "CGH",
"crs": { "type": "name", "properties": { "name": "urn:ogc:def:crs:EPSG::4674" } },
"features": [
{ "type": "Feature", "properties": { "NOME": "Sirivera", "propriet": "100% para Central Hidrelétrica Sirivera LTDA. (PIE)", "RIO": "Ribeirão do Inferno", "potencia": 1800.0, "ini_oper": "2016-01-19T00:00:00", "ceg": "CGH.PH.TO.035446-5.01", "created_us": "BERNARDO.OLIVEIRA", "created_da": "2024-12-13T00:00:00", "last_edite": "BERNARDO.OLIVEIRA", "last_edi_1": "2024-12-13T00:00:00" }, "geometry": { "type": "Point", "coordinates": [ -46.277222219999942, -11.924722219999978 ] } },
{ "type": "Feature", "properties": { "NOME": "Arroio Trinta", "propriet": "100% para CGH ARROIO TRINTA ENERGETICA LTDA - ME (REG)", "RIO": "Rio São Pedro", "potencia": 1000.0, "ini_oper": "2014-11-17T00:00:00", "ceg": "CGH.PH.SC.031216-9.01", "created_us": "BERNARDO.OLIVEIRA", "created_da": "2024-12-13T00:00:00", "last_edite": "BERNARDO.OLIVEIRA", "last_edi_1": "2024-12-13T00:00:00" }, "geometry": { "type": "Point", "coordinates": [ -51.281077779999976, -26.877936109999951 ] } },
{ "type": "Feature", "properties": { "NOME": "MAX-01 (Nova Lacerda)", "propriet": "100% para MAXENERGIA - GERAÇÃO E COMERCIALIZAÇÃO DE ENERGIA LTDA (REG)", "RIO": "Córrego do Ouro", "potencia": 1250.0, "ini_oper": "2015-01-21T00:00:00", "ceg": "CGH.PH.MT.029696-1.01", "created_us": "BERNARDO.OLIVEIRA", "created_da": "2024-12-13T00:00:00", "last_edite": "BERNARDO.OLIVEIRA", "last_edi_1": "2024-12-13T00:00:00" }, "geometry": { "type": "Point", "coordinates": [ -59.523611109999933, -14.417777779999938 ] } },
{ "type": "Feature", "properties": { "NOME": "Pinhal", "propriet": "100% para BRASIL SUL GERACAO DE ENERGIA LTDA (REG)", "RIO": "Lajeado Pinhal", "potencia": 702.0, "ini_oper": "2017-02-09T00:00:00", "ceg": "CGH.PH.SC.037420-2.01", "created_us": "BERNARDO.OLIVEIRA", "created_da": "2024-12-13T00:00:00", "last_edite": "BERNARDO.OLIVEIRA", "last_edi_1": "2024-12-13T00:00:00" }, "geometry": { "type": "Point", "coordinates": [ -51.93240555999995, -27.273261109999964 ] } },
{ "type": "Feature", "properties": { "NOME": "Guaporé", "propriet": "100% para CPFL Sul Centrais Elétricas Ltda (REG)", "RIO": "Rio Guaporé", "potencia": 667.0, "ini_oper": "1950-01-01T00:00:00", "ceg": "CGH.PH.RS.001067-7.01", "created_us": "BERNARDO.OLIVEIRA", "created_da": "2024-12-13T00:00:00", "last_edite": "BERNARDO.OLIVEIRA", "last_edi_1": "2024-12-13T00:00:00" }, "geometry": { "type": "Point", "coordinates": [ -51.946702649999963, -28.907096539999941 ] } },
{ "type": "Feature", "properties": { "NOME": "Rio Vermelho", "propriet": "100% para ENERGISA GERAÇÃO - USINA MAURÍCIO S.A. (REG)", "RIO": "Rio Cabixi ou Branco", "potencia": 2560.0, "ini_oper": "1986-11-04T00:00:00", "ceg": "CGH.PH.RO.002530-5.02", "created_us": "BERNARDO.OLIVEIRA", "created_da": "2024-12-13T00:00:00", "last_edite": "BERNARDO.OLIVEIRA", "last_edi_1": "2024-12-13T00:00:00" }, "geometry": { "type": "Point", "coordinates": [ -60.197071939999944, -12.899641939999981 ] } },
{ "type": "Feature", "properties": { "NOME": "BOA VISTA (CERTEL)", "propriet": "100% para COOPERATIVA REGIONAL DE DESENVOLVIMENTO TEUTONIA - CERTEL (REG)", "RIO": null, "potencia": 0.71, "ini_oper": "2005-10-28T00:00:00", "ceg": "CGH.PH.RS.030204-0.01", "created_us": "BERNARDO.OLIVEIRA", "created_da": "2024-12-13T00:00:00", "last_edite": "BERNARDO.OLIVEIRA", "last_edi_1": "2024-12-13T00:00:00" }, "geometry": { "type": "Point", "coordinates": [ -51.868055559999959, -29.471388889999957 ] } },
{ "type": "Feature", "properties": { "NOME": "Wasser Kraft", "propriet": "100% para WASSER KRAFT GERAÇÃO DE ENERGIA ELÉTRICA LTDA (REG)", "RIO": "Rio Tracutinga", "potencia": 1400.0, "ini_oper": "2009-01-01T00:00:00", "ceg": "CGH.PH.SC.029589-2.01", "created_us": "BERNARDO.OLIVEIRA", "created_da": "2024-12-13T00:00:00", "last_edite": "BERNARDO.OLIVEIRA", "last_edi_1": "2024-12-13T00:00:00" }, "geometry": { "type": "Point", "coordinates": [ -53.407110789999933, -26.447142629999973 ] } },
{ "type": "Feature", "properties": { "NOME": "Apiaí", "propriet": "100% para APIAÍ ENERGIA S/A. (REG)", "RIO": "Rio Catas Altas", "potencia": 1000.0, "ini_oper": "1951-01-01T00:00:00", "ceg": "CGH.PH.SP.000116-3.01", "created_us": "BERNARDO.OLIVEIRA", "created_da": "2024-12-13T00:00:00", "last_edite": "BERNARDO.OLIVEIRA", "last_edi_1": "2024-12-13T00:00:00" }, "geometry": { "type": "Point", "coordinates": [ -49.064995959999976, -24.483386069999938 ] } },
{ "type": "Feature", "properties": { "NOME": "Estreito", "propriet": "100% para CENTRAL GERADORA HIDRELETRICA ESTREITO LTDA (REG)", "RIO": "Rio Quinze de Novembro", "potencia": 2000.0, "ini_oper": "2017-10-23T00:00:00", "ceg": "CGH.PH.SC.035075-3.01", "created_us": "BERNARDO.OLIVEIRA", "created_da": "2024-12-13T00:00:00", "last_edite": "BERNARDO.OLIVEIRA", "last_edi_1": "2024-12-13T00:00:00" }, "geometry": { "type": "Point", "coordinates": [ -51.177090549999946, -26.977408959999934 ] } },
{ "type": "Feature", "properties": { "NOME": "Tapuirama", "propriet": "100% para TAPUIRAMA COMERCIO DE ENERGIA SPE LTDA (REG)", "RIO": "Ribeirão Rocinha", "potencia": 1500.0, "ini_oper": "2017-11-20T00:00:00", "ceg": "CGH.PH.MG.028955-8.01", "created_us": "BERNARDO.OLIVEIRA", "created_da": "2024-12-13T00:00:00", "last_edite": "BERNARDO.OLIVEIRA", "last_edi_1": "2024-12-13T00:00:00" }, "geometry": { "type": "Point", "coordinates": [ -47.918599669999935, -19.127130699999952 ] } },
{ "type": "Feature", "properties": { "NOME": "Santo Tessaro", "propriet": "100% para C2LG Geração de Energia Ltda. (PIE)", "RIO": "Rio Bonito", "potencia": 1000.0, "ini_oper": "2014-04-01T00:00:00", "ceg": "CGH.PH.SC.031429-3.01", "created_us": "BERNARDO.OLIVEIRA", "created_da": "2024-12-13T00:00:00", "last_edite": "BERNARDO.OLIVEIRA", "last_edi_1": "2024-12-13T00:00:00" }, "geometry": { "type": "Point", "coordinates": [ -51.201117709999949, -27.107289069999979 ] } },
{ "type": "Feature", "properties": { "NOME": "Abaúna", "propriet": "100% para Cooperativa de Geração de Energia e Desenvolvimento (REG)", "RIO": "Rio Abaúna", "potencia": 720.0, "ini_oper": "2000-10-15T00:00:00", "ceg": "CGH.PH.RS.000015-9.01", "created_us": "BERNARDO.OLIVEIRA", "created_da": "2024-12-13T00:00:00", "last_edite": "BERNARDO.OLIVEIRA", "last_edi_1": "2024-12-13T00:00:00" }, "geometry": { "type": "Point", "coordinates": [ -52.069997219999948, -27.823775 ] } },
{ "type": "Feature", "properties": { "NOME": "Gameleira", "propriet": "100% para Gameleira Energética S/A (REG)", "RIO": null, "potencia": 958.74, "ini_oper": "2013-04-01T00:00:00", "ceg": "CGH.PH.GO.031086-7.01", "created_us": "BERNARDO.OLIVEIRA", "created_da": "2024-12-13T00:00:00", "last_edite": "BERNARDO.OLIVEIRA", "last_edi_1": "2024-12-13T00:00:00" }, "geometry": { "type": "Point", "coordinates": [ -48.634158329999934, -16.521966669999927 ] } },
{ "type": "Feature", "properties": { "NOME": "São Sebastião", "propriet": "100% para CPFL ENERGIAS RENOVÁVEIS S.A. (REG)", "RIO": "Rio Canoas", "potencia": 680.0, "ini_oper": "1925-12-31T00:00:00", "ceg": "CGH.PH.MG.028023-2.01", "created_us": "BERNARDO.OLIVEIRA", "created_da": "2024-12-13T00:00:00", "last_edite": "BERNARDO.OLIVEIRA", "last_edi_1": "2024-12-13T00:00:00" }, "geometry": { "type": "Point", "coordinates": [ -46.917228799999975, -21.421905709999976 ] } },
{ "type": "Feature", "properties": { "NOME": "Bossardi", "propriet": "100% para MAROMBAS GERAÇÃO DE ENERGIA LTDA. (REG)", "RIO": "Rio das Marombas", "potencia": 1000.0, "ini_oper": "2010-08-01T00:00:00", "ceg": "CGH.PH.SC.028082-8.01", "created_us": "BERNARDO.OLIVEIRA", "created_da": "2024-12-13T00:00:00", "last_edite": "BERNARDO.OLIVEIRA", "last_edi_1": "2024-12-13T00:00:00" }, "geometry": { "type": "Point", "coordinates": [ -50.541463889999932, -27.209011109999949 ] } },
{ "type": "Feature", "properties": { "NOME": "INGÁ MIRIM", "propriet": "100% para INGÁ MIRIM ENERGIA S.A (PIE)", "RIO": "Ribeirão Pouso Alegre", "potencia": 1000.0, "ini_oper": "2014-07-15T00:00:00", "ceg": "CGH.PH.MG.031677-6.01", "created_us": "BERNARDO.OLIVEIRA", "created_da": "2024-12-13T00:00:00", "last_edite": "BERNARDO.OLIVEIRA", "last_edi_1": "2024-12-13T00:00:00" }, "geometry": { "type": "Point", "coordinates": [ -41.785555599999952, -20.114444399999968 ] } },
{ "type": "Feature", "properties": { "NOME": "Formigueiro", "propriet": "100% para Formigueiro Geração E Comercio De Energia Elétrica Ltda. (REG)", "RIO": "Rio Conceição", "potencia": 1750.0, "ini_oper": "2020-10-31T00:00:00", "ceg": "CGH.PH.RS.050288-0.01", "created_us": "BERNARDO.OLIVEIRA", "created_da": "2024-12-13T00:00:00", "last_edite": "BERNARDO.OLIVEIRA", "last_edi_1": "2024-12-13T00:00:00" }, "geometry": { "type": "Point", "coordinates": [ -53.861388889999944, -28.536944439999957 ] } },
{ "type": "Feature", "properties": { "NOME": "Matipó", "propriet": "100% para ZONA DA MATA GERAÇÃO S/A (REG)", "RIO": "Rio Matipó", "potencia": 416.0, "ini_oper": "1924-01-01T00:00:00", "ceg": "CGH.PH.MG.001438-9.01", "created_us": "BERNARDO.OLIVEIRA", "created_da": "2024-12-13T00:00:00", "last_edite": "BERNARDO.OLIVEIRA", "last_edi_1": "2024-12-13T00:00:00" }, "geometry": { "type": "Point", "coordinates": [ -42.335310619999973, -20.286534149999966 ] } },
{ "type": "Feature", "properties": { "NOME": "Rio Tigre", "propriet": "100% para Centrais Elétricas Rio Tigre S.A. (REG)", "RIO": "Arroio do Tigre", "potencia": 5000.0, "ini_oper": "2020-11-20T00:00:00", "ceg": "CGH.PH.SC.002514-3.02", "created_us": "BERNARDO.OLIVEIRA", "created_da": "2024-12-13T00:00:00", "last_edite": "BERNARDO.OLIVEIRA", "last_edi_1": "2024-12-13T00:00:00" }, "geometry": { "type": "Point", "coordinates": [ -52.766291229999979, -27.12360173999997 ] } },
{ "type": "Feature", "properties": { "NOME": "Lontras", "propriet": "100% para Santafé Administradora de Bens LTDA. (REG)", "RIO": "Rio Xanxerê", "potencia": 810.0, "ini_oper": "2013-07-18T00:00:00", "ceg": "CGH.PH.SC.029303-2.01", "created_us": "BERNARDO.OLIVEIRA", "created_da": "2024-12-13T00:00:00", "last_edite": "BERNARDO.OLIVEIRA", "last_edi_1": "2024-12-13T00:00:00" }, "geometry": { "type": "Point", "coordinates": [ -52.459655159999954, -26.965838729999973 ] } },
{ "type": "Feature", "properties": { "NOME": "São João PA", "propriet": "100% para Cachoeira Parecis S.A (REG)", "RIO": "Rio São João", "potencia": 3804.0, "ini_oper": "2017-10-01T00:00:00", "ceg": "CGH.PH.RO.027161-6.02", "created_us": "BERNARDO.OLIVEIRA", "created_da": "2024-12-13T00:00:00", "last_edite": "BERNARDO.OLIVEIRA", "last_edi_1": "2024-12-13T00:00:00" }, "geometry": { "type": "Point", "coordinates": [ -61.49030302999995, -12.57412120999993 ] } },
{ "type": "Feature", "properties": { "NOME": "Piraí", "propriet": "100% para CELESC Geração S.A. (REG)", "RIO": "Rio Piraí", "potencia": 780.0, "ini_oper": "1908-01-01T00:00:00", "ceg": "CGH.PH.SC.002076-1.02", "created_us": "BERNARDO.OLIVEIRA", "created_da": "2024-12-13T00:00:00", "last_edite": "BERNARDO.OLIVEIRA", "last_edi_1": "2024-12-13T00:00:00" }, "geometry": { "type": "Point", "coordinates": [ -49.00138888999993, -26.295 ] } },
{ "type": "Feature", "properties": { "NOME": "PIABANHA DO TOCANTINS", "propriet": "100% para Central Hidrelétrica Piabanha Ltda. (REG)", "RIO": "Ribeirão do Inferno", "potencia": 1300.0, "ini_oper": "2014-10-14T00:00:00", "ceg": "CGH.PH.TO.031902-3.01", "created_us": "BERNARDO.OLIVEIRA", "created_da": "2024-12-13T00:00:00", "last_edite": "BERNARDO.OLIVEIRA", "last_edi_1": "2024-12-13T00:00:00" }, "geometry": { "type": "Point", "coordinates": [ -46.269002779999937, -11.926658329999952 ] } },
{ "type": "Feature", "properties": { "NOME": "Rancho Grande Ger", "propriet": "100% para RANCHO GRANDE GERAÇÃO DE ENERGIA LTDA (REG)", "RIO": "Riacho Grande", "potencia": 1010.0, "ini_oper": "2018-03-01T00:00:00", "ceg": "CGH.PH.SC.044841-9.01", "created_us": "BERNARDO.OLIVEIRA", "created_da": "2024-12-13T00:00:00", "last_edite": "BERNARDO.OLIVEIRA", "last_edi_1": "2024-12-13T00:00:00" }, "geometry": { "type": "Point", "coordinates": [ -51.903611109999986, -27.303611109999963 ] } },
{ "type": "Feature", "properties": { "NOME": "SM-01", "propriet": "100% para MAGGI Energia S.A. (REG)", "RIO": "Rio Novo", "potencia": 800.0, "ini_oper": "1984-11-13T00:00:00", "ceg": "CGH.PH.MT.029210-9.01", "created_us": "BERNARDO.OLIVEIRA", "created_da": "2024-12-13T00:00:00", "last_edite": "BERNARDO.OLIVEIRA", "last_edi_1": "2024-12-13T00:00:00" }, "geometry": { "type": "Point", "coordinates": [ -54.923713889999931, -17.284391669999934 ] } },
{ "type": "Feature", "properties": { "NOME": "Jacutinga", "propriet": "100% para SPE JACUTINGA S.A. (REG)", "RIO": "Rio Jacutinga", "potencia": 4950.0, "ini_oper": "2021-03-05T00:00:00", "ceg": "CGH.PH.SC.033711-0.02", "created_us": "BERNARDO.OLIVEIRA", "created_da": "2024-12-13T00:00:00", "last_edite": "BERNARDO.OLIVEIRA", "last_edi_1": "2024-12-13T00:00:00" }, "geometry": { "type": "Point", "coordinates": [ -52.051224979999972, -27.147143949999929 ] } },
{ "type": "Feature", "properties": { "NOME": "Sumidouro", "propriet": "100% para CEMIG Geração e Transmissão S.A. (REG)", "RIO": "Rio Sacramento", "potencia": 2120.0, "ini_oper": "1954-02-01T00:00:00", "ceg": "CGH.PH.MG.002782-0.02", "created_us": "BERNARDO.OLIVEIRA", "created_da": "2024-12-13T00:00:00", "last_edite": "BERNARDO.OLIVEIRA", "last_edi_1": "2024-12-13T00:00:00" }, "geometry": { "type": "Point", "coordinates": [ -42.302085709999972, -19.801206159999936 ] } },
{ "type": "Feature", "properties": { "NOME": "Morrinhos", "propriet": "100% para MORRINHOS GERAÇÃO E COMÉRCIO DE ENERGIA ELÉTRICA LTDA (REG)", "RIO": "Arroio dos Cachorros", "potencia": 2250.0, "ini_oper": "2014-11-24T00:00:00", "ceg": "CGH.PH.RS.030407-7.02", "created_us": "BERNARDO.OLIVEIRA", "created_da": "2024-12-13T00:00:00", "last_edite": "BERNARDO.OLIVEIRA", "last_edi_1": "2024-12-13T00:00:00" }, "geometry": { "type": "Point", "coordinates": [ -51.86760610999994, -30.317691669999931 ] } },
{ "type": "Feature", "properties": { "NOME": "Embaúba", "propriet": "100% para HIDRELÉTRICA EMBAÚBA S/A (REG)", "RIO": "Córrego Tenente Amaral", "potencia": 4500.0, "ini_oper": "2012-08-25T00:00:00", "ceg": "CGH.PH.MT.030814-5.02", "created_us": "BERNARDO.OLIVEIRA", "created_da": "2024-12-13T00:00:00", "last_edite": "BERNARDO.OLIVEIRA", "last_edi_1": "2024-12-13T00:00:00" }, "geometry": { "type": "Point", "coordinates": [ -55.08165927999994, -15.976589099999956 ] } },
{ "type": "Feature", "properties": { "NOME": "Apolo", "propriet": "100% para ROVER ENERGIA LTDA (REG)", "RIO": "Rio das Marombas", "potencia": 1000.0, "ini_oper": "2017-02-16T00:00:00", "ceg": "CGH.PH.SC.035531-3.01", "created_us": "BERNARDO.OLIVEIRA", "created_da": "2024-12-13T00:00:00", "last_edite": "BERNARDO.OLIVEIRA", "last_edi_1": "2024-12-13T00:00:00" }, "geometry": { "type": "Point", "coordinates": [ -50.414722219999931, -27.246944439999936 ] } },
{ "type": "Feature", "properties": { "NOME": "Horst Purnhagen", "propriet": "100% para INDUMA S/A INDUSTRIA DE PAPEL E PAPELÃO (REG)", "RIO": "Ribeirão Pequeno", "potencia": 1000.0, "ini_oper": "2014-12-12T00:00:00", "ceg": "CGH.PH.SC.032085-4.01", "created_us": "BERNARDO.OLIVEIRA", "created_da": "2024-12-13T00:00:00", "last_edite": "BERNARDO.OLIVEIRA", "last_edi_1": "2024-12-13T00:00:00" }, "geometry": { "type": "Point", "coordinates": [ -49.987803539999959, -27.06472440999994 ] } },
{ "type": "Feature", "properties": { "NOME": "Faxinal I", "propriet": "100% para Centrais Elétricas Salto dos Dardanelos S/A (REG)", "RIO": "Rio Aripuanã", "potencia": 2788.0, "ini_oper": "1997-03-01T00:00:00", "ceg": "CGH.PH.MT.000935-0", "created_us": "BERNARDO.OLIVEIRA", "created_da": "2024-12-13T00:00:00", "last_edite": "BERNARDO.OLIVEIRA", "last_edi_1": "2024-12-13T00:00:00" }, "geometry": { "type": "Point", "coordinates": [ -59.452377779999949, -10.164997219999975 ] } },
{ "type": "Feature", "properties": { "NOME": "Rio Enganado", "propriet": "100% para HIDRELÉTRICA RIO ENGANADO LTDA (REG)", "RIO": null, "potencia": 2.0, "ini_oper": "1992-06-16T00:00:00", "ceg": "CGH.PH.RO.027963-3", "created_us": "BERNARDO.OLIVEIRA", "created_da": "2024-12-13T00:00:00", "last_edite": "BERNARDO.OLIVEIRA", "last_edi_1": "2024-12-13T00:00:00" }, "geometry": { "type": "Point", "coordinates": [ -60.622073989999933, -13.084084559999951 ] } },
{ "type": "Feature", "properties": { "NOME": "Sodre", "propriet": "100% para SZO Empreendimentos Ltda. (REG)", "RIO": "Rio Piagui", "potencia": 1012.0, "ini_oper": "2013-04-01T00:00:00", "ceg": "CGH.PH.SP.031099-9.01", "created_us": "BERNARDO.OLIVEIRA", "created_da": "2024-12-13T00:00:00", "last_edite": "BERNARDO.OLIVEIRA", "last_edi_1": "2024-12-13T00:00:00" }, "geometry": { "type": "Point", "coordinates": [ -45.309166669999968, -22.664444439999954 ] } },
{ "type": "Feature", "properties": { "NOME": "Figueira do Tigre", "propriet": "100% para ALTO BRACO ENERGIA LTDA. (REG)", "RIO": null, "potencia": 2200.0, "ini_oper": "2022-11-22T00:00:00", "ceg": "CGH.PH.SC.046897-5.01", "created_us": "BERNARDO.OLIVEIRA", "created_da": "2024-12-13T00:00:00", "last_edite": "BERNARDO.OLIVEIRA", "last_edi_1": "2024-12-13T00:00:00" }, "geometry": { "type": "Point", "coordinates": [ -49.219530559999953, -27.357183329999941 ] } },
{ "type": "Feature", "properties": { "NOME": "Cachoeira do Brumado", "propriet": "11.1200% para Carolina Carvalho Zacharias (REG) 11.1100% para Gumercindo Barroso Machado (REG) 11.1100% para Clóvis Sales de Oliveira (REG) 11.1100% para Cláudio Ribeiro Machado (REG) 11.1100% para Ana Lúcia Machado Sabino (REG) 11.1100% para Marcos R", "RIO": "Rio Brumado", "potencia": 2340.0, "ini_oper": "2010-03-06T00:00:00", "ceg": "CGH.PH.MG.029723-2.02", "created_us": "BERNARDO.OLIVEIRA", "created_da": "2024-12-13T00:00:00", "last_edite": "BERNARDO.OLIVEIRA", "last_edi_1": "2024-12-13T00:00:00" }, "geometry": { "type": "Point", "coordinates": [ -43.890176649999944, -21.851239559999954 ] } },
{ "type": "Feature", "properties": { "NOME": "Rondinha Chalana", "propriet": "100% para IPE ENERGIA LTDA (REG)", "RIO": "Rio Chalana", "potencia": 1800.0, "ini_oper": "2015-07-09T00:00:00", "ceg": "CGH.PH.SC.034056-1.01", "created_us": "BERNARDO.OLIVEIRA", "created_da": "2024-12-13T00:00:00", "last_edite": "BERNARDO.OLIVEIRA", "last_edi_1": "2024-12-13T00:00:00" }, "geometry": { "type": "Point", "coordinates": [ -52.755, -27.191388889999928 ] } },
{ "type": "Feature", "properties": { "NOME": "Cachoeira dos Prazeres", "propriet": "100% para MAYNART ENERGÉTICA LTDA. (REG)", "RIO": "Rio Maynart", "potencia": 3830.0, "ini_oper": "1951-01-01T00:00:00", "ceg": "CGH.PH.MG.000526-6.02", "created_us": "BERNARDO.OLIVEIRA", "created_da": "2024-12-13T00:00:00", "last_edite": "BERNARDO.OLIVEIRA", "last_edi_1": "2024-12-13T00:00:00" }, "geometry": { "type": "Point", "coordinates": [ -43.446622219999938, -20.477272229999983 ] } },
{ "type": "Feature", "properties": { "NOME": "Salto Claudelino", "propriet": "100% para COOPERATIVA AGROPECUÁRIA TRADIÇÃO (REG)", "RIO": "Rio Chopim", "potencia": 2800.0, "ini_oper": "1984-10-30T00:00:00", "ceg": "CGH.PH.PR.002592-5.02", "created_us": "BERNARDO.OLIVEIRA", "created_da": "2024-12-13T00:00:00", "last_edite": "BERNARDO.OLIVEIRA", "last_edi_1": "2024-12-13T00:00:00" }, "geometry": { "type": "Point", "coordinates": [ -52.297222219999981, -26.28083332999995 ] } },
{ "type": "Feature", "properties": { "NOME": "Aguti", "propriet": "100% para COTESA Geradora de Energia – PCH Aguti Ltda. (REG)", "RIO": "Rio Alto Braço", "potencia": 3893.0, "ini_oper": "2011-11-19T00:00:00", "ceg": "CGH.PH.SC.029711-9.02", "created_us": "BERNARDO.OLIVEIRA", "created_da": "2024-12-13T00:00:00", "last_edite": "BERNARDO.OLIVEIRA", "last_edi_1": "2024-12-13T00:00:00" }, "geometry": { "type": "Point", "coordinates": [ -49.084547089999944, -27.316362289999972 ] } },
{ "type": "Feature", "properties": { "NOME": "Lages", "propriet": "100% para CEMIG Geração e Transmissão S.A. (REG)", "RIO": "Ribeirão da Laje", "potencia": 680.0, "ini_oper": "1955-01-01T00:00:00", "ceg": "CGH.PH.MG.002225-0.01", "created_us": "BERNARDO.OLIVEIRA", "created_da": "2024-12-13T00:00:00", "last_edite": "BERNARDO.OLIVEIRA", "last_edi_1": "2024-12-13T00:00:00" }, "geometry": { "type": "Point", "coordinates": [ -46.927666669999951, -18.490611109999975 ] } },
{ "type": "Feature", "properties": { "NOME": "Caju", "propriet": "100% para CAJU ENERGIA LTDA (REG)", "RIO": "Rio Xanxerê", "potencia": 3200.0, "ini_oper": "2004-12-20T00:00:00", "ceg": "CGH.PH.SC.029217-6.02", "created_us": "BERNARDO.OLIVEIRA", "created_da": "2024-12-13T00:00:00", "last_edite": "BERNARDO.OLIVEIRA", "last_edi_1": "2024-12-13T00:00:00" }, "geometry": { "type": "Point", "coordinates": [ -52.455066089999946, -26.952236649999975 ] } },
{ "type": "Feature", "properties": { "NOME": "Enxadrista", "propriet": "100% para ENERGÉTICA RIO DAS PEDRAS SPE LTDA. (PIE)", "RIO": "Rio das Pedras", "potencia": 1000.0, "ini_oper": "2022-07-21T00:00:00", "ceg": "CGH.PH.PR.035731-6.01", "created_us": "BERNARDO.OLIVEIRA", "created_da": "2024-12-13T00:00:00", "last_edite": "BERNARDO.OLIVEIRA", "last_edi_1": "2024-12-13T00:00:00" }, "geometry": { "type": "Point", "coordinates": [ -51.38760555999994, -25.386752779999938 ] } },
{ "type": "Feature", "properties": { "NOME": "José Togni", "propriet": "100% para Dme Energética S.A. - DMEE (REG)", "RIO": "Rio das Antas", "potencia": 715.0, "ini_oper": "1988-10-01T00:00:00", "ceg": "CGH.PH.MG.000298-4.01", "created_us": "BERNARDO.OLIVEIRA", "created_da": "2024-12-13T00:00:00", "last_edite": "BERNARDO.OLIVEIRA", "last_edi_1": "2024-12-13T00:00:00" }, "geometry": { "type": "Point", "coordinates": [ -46.631552779999936, -21.781930559999978 ] } },
{ "type": "Feature", "properties": { "NOME": "Dona Amélia", "propriet": "100% para CENTRAL GERADORA HIDRELETRICA DONA AMELIA LTDA - EPP (REG)", "RIO": "Rio do Peixe", "potencia": 160.0, "ini_oper": "1947-05-13T00:00:00", "ceg": "CGH.PH.SC.029100-5.01", "created_us": "BERNARDO.OLIVEIRA", "created_da": "2024-12-13T00:00:00", "last_edite": "BERNARDO.OLIVEIRA", "last_edi_1": "2024-12-13T00:00:00" }, "geometry": { "type": "Point", "coordinates": [ -51.249357609999947, -27.104214389999981 ] } },
{ "type": "Feature", "properties": { "NOME": "Bom Jesus", "propriet": "100% para BOM JESUS ENERGIA S.A. (REG)", "RIO": "Ribeirão Sacramento", "potencia": 1000.0, "ini_oper": "2015-03-04T00:00:00", "ceg": "CGH.PH.MG.032564-3.01", "created_us": "BERNARDO.OLIVEIRA", "created_da": "2024-12-13T00:00:00", "last_edite": "BERNARDO.OLIVEIRA", "last_edi_1": "2024-12-13T00:00:00" }, "geometry": { "type": "Point", "coordinates": [ -42.331838249999976, -19.856141099999945 ] } },
{ "type": "Feature", "properties": { "NOME": "Juliana I", "propriet": "100% para VJ ENERGÉTICA LIMITADA (REG)", "RIO": "Rio Juliana", "potencia": 144.0, "ini_oper": "2008-05-09T00:00:00", "ceg": "CGH.PH.BA.029698-8.01", "created_us": "BERNARDO.OLIVEIRA", "created_da": "2024-12-13T00:00:00", "last_edite": "BERNARDO.OLIVEIRA", "last_edi_1": "2024-12-13T00:00:00" }, "geometry": { "type": "Point", "coordinates": [ -39.277565559999971, -13.836974189999978 ] } },
{ "type": "Feature", "properties": { "NOME": "Bom Retiro Chapeco", "propriet": "100% para BOM RETIRO GERACAO DE ENERGIA LTDA (REG)", "RIO": "Rio Chalana", "potencia": 3000.0, "ini_oper": "2018-08-13T00:00:00", "ceg": "CGH.PH.SC.040776-3.01", "created_us": "BERNARDO.OLIVEIRA", "created_da": "2024-12-13T00:00:00", "last_edite": "BERNARDO.OLIVEIRA", "last_edi_1": "2024-12-13T00:00:00" }, "geometry": { "type": "Point", "coordinates": [ -52.749704379999969, -27.178900789999943 ] } },
{ "type": "Feature", "properties": { "NOME": "Pissarrão", "propriet": "100% para CEMIG Geração e Transmissão S.A. (REG)", "RIO": "Ribeirão Piçarrão", "potencia": 800.0, "ini_oper": "1925-01-01T00:00:00", "ceg": "CGH.PH.MG.002055-9.01", "created_us": "BERNARDO.OLIVEIRA", "created_da": "2024-12-13T00:00:00", "last_edite": "BERNARDO.OLIVEIRA", "last_edi_1": "2024-12-13T00:00:00" }, "geometry": { "type": "Point", "coordinates": [ -48.096702229999948, -18.687063709999961 ] } },
{ "type": "Feature", "properties": { "NOME": "Treze de Maio", "propriet": "100% para TREZE DE MAIO GERAÇÃO DE ENERGIA SPE LTDA (REG)", "RIO": "Rio do Salto", "potencia": 850.0, "ini_oper": "2013-05-15T00:00:00", "ceg": "CGH.PH.SC.031118-9.01", "created_us": "BERNARDO.OLIVEIRA", "created_da": "2024-12-13T00:00:00", "last_edite": "BERNARDO.OLIVEIRA", "last_edi_1": "2024-12-13T00:00:00" }, "geometry": { "type": "Point", "coordinates": [ -49.1225, -28.566944 ] } },
{ "type": "Feature", "properties": { "NOME": "Ingá", "propriet": "100% para Ingá Energia S.A (REG)", "RIO": "Ribeirão Pouso Alegre", "potencia": 1000.0, "ini_oper": "2015-11-18T00:00:00", "ceg": "CGH.PH.MG.031318-1.01", "created_us": "BERNARDO.OLIVEIRA", "created_da": "2024-12-13T00:00:00", "last_edite": "BERNARDO.OLIVEIRA", "last_edi_1": "2024-12-13T00:00:00" }, "geometry": { "type": "Point", "coordinates": [ -41.758055559999946, -20.097777779999944 ] } },
{ "type": "Feature", "properties": { "NOME": "Marombas I", "propriet": "100% para Hidrelétrica Marombas I SPE LTDA. (PIE)", "RIO": "Rio das Marombas", "potencia": 3358.0, "ini_oper": "2019-11-01T00:00:00", "ceg": "CGH.PH.SC.038153-5.01", "created_us": "BERNARDO.OLIVEIRA", "created_da": "2024-12-13T00:00:00", "last_edite": "BERNARDO.OLIVEIRA", "last_edi_1": "2024-12-13T00:00:00" }, "geometry": { "type": "Point", "coordinates": [ -50.632830559999945, -27.195811109999966 ] } },
{ "type": "Feature", "properties": { "NOME": "Doutor Augusto Gonçalves de Souza", "propriet": "100% para Central De Geração Hidrelétrica Itauna II S/A (REG)", "RIO": "Rio São João", "potencia": 2500.0, "ini_oper": "2020-12-01T00:00:00", "ceg": "CGH.PH.MG.027129-2.03", "created_us": "BERNARDO.OLIVEIRA", "created_da": "2024-12-13T00:00:00", "last_edite": "BERNARDO.OLIVEIRA", "last_edi_1": "2024-12-13T00:00:00" }, "geometry": { "type": "Point", "coordinates": [ -44.547777769999982, -20.1125 ] } },
{ "type": "Feature", "properties": { "NOME": "CHIBARRO", "propriet": "100% para Chimay Empreendimentos e Participações Ltda. (REG)", "RIO": null, "potencia": 2.6, "ini_oper": "1912-01-01T00:00:00", "ceg": "CGH.PH.SP.000768-4.01", "created_us": "BERNARDO.OLIVEIRA", "created_da": "2024-12-13T00:00:00", "last_edite": "BERNARDO.OLIVEIRA", "last_edi_1": "2024-12-13T00:00:00" }, "geometry": { "type": "Point", "coordinates": [ -48.147489759999985, -21.887956909999957 ] } },
{ "type": "Feature", "properties": { "NOME": "Anil", "propriet": "100% para CEMIG Geração e Transmissão S.A. (REG)", "RIO": "Rio Jacaré", "potencia": 2080.0, "ini_oper": "1964-03-01T00:00:00", "ceg": "CGH.PH.SP.000103-1.02", "created_us": "BERNARDO.OLIVEIRA", "created_da": "2024-12-13T00:00:00", "last_edite": "BERNARDO.OLIVEIRA", "last_edi_1": "2024-12-13T00:00:00" }, "geometry": { "type": "Point", "coordinates": [ -45.060233339999968, -20.818712609999977 ] } },
{ "type": "Feature", "properties": { "NOME": "Rio das Mortes", "propriet": "100% para LCP Administrações e Participações Ltda. (REG)", "RIO": "Rio das Mortes", "potencia": 660.0, "ini_oper": "2008-12-01T00:00:00", "ceg": "CGH.PH.PR.030241-4.01", "created_us": "BERNARDO.OLIVEIRA", "created_da": "2024-12-13T00:00:00", "last_edite": "BERNARDO.OLIVEIRA", "last_edi_1": "2024-12-13T00:00:00" }, "geometry": { "type": "Point", "coordinates": [ -51.419458139999961, -25.348959329999957 ] } },
{ "type": "Feature", "properties": { "NOME": "Limoeiro", "propriet": "100% para LIMOEIRO ENERGIA S. A. (REG)", "RIO": "Rio Cachoeirinha", "potencia": 1250.0, "ini_oper": "2015-09-05T00:00:00", "ceg": "CGH.PH.MG.030983-4.01", "created_us": "BERNARDO.OLIVEIRA", "created_da": "2024-12-13T00:00:00", "last_edite": "BERNARDO.OLIVEIRA", "last_edi_1": "2024-12-13T00:00:00" }, "geometry": { "type": "Point", "coordinates": [ -46.411818239999945, -22.573661409999943 ] } },
{ "type": "Feature", "properties": { "NOME": "Picada 48", "propriet": "100% para Picada 48 Geração e Comércio de Energia Elétrica Ltda (REG)", "RIO": "Arroio Feitoria", "potencia": 1270.0, "ini_oper": "2012-12-20T00:00:00", "ceg": "CGH.PH.RS.002054-0.01", "created_us": "BERNARDO.OLIVEIRA", "created_da": "2024-12-13T00:00:00", "last_edite": "BERNARDO.OLIVEIRA", "last_edi_1": "2024-12-13T00:00:00" }, "geometry": { "type": "Point", "coordinates": [ -51.117296879999969, -29.584057549999955 ] } },
{ "type": "Feature", "properties": { "NOME": "Lago Azul", "propriet": "100% para Lasa Lago Azul S.A. (REG)", "RIO": "Ribeirão Castelhano", "potencia": 3992.0, "ini_oper": "1988-09-01T00:00:00", "ceg": "CGH.PH.GO.001298-0.02", "created_us": "BERNARDO.OLIVEIRA", "created_da": "2024-12-13T00:00:00", "last_edite": "BERNARDO.OLIVEIRA", "last_edi_1": "2024-12-13T00:00:00" }, "geometry": { "type": "Point", "coordinates": [ -47.524166669999943, -17.28 ] } },
{ "type": "Feature", "properties": { "NOME": "Salto São Pedro", "propriet": "100% para SANTA ANASTASIA GERADORA DE ENERGIA LIMITADA (REG)", "RIO": "Rio Jordão", "potencia": 1188.0, "ini_oper": "1975-04-07T00:00:00", "ceg": "CGH.PH.PR.026885-2.01", "created_us": "BERNARDO.OLIVEIRA", "created_da": "2024-12-13T00:00:00", "last_edite": "BERNARDO.OLIVEIRA", "last_edi_1": "2024-12-13T00:00:00" }, "geometry": { "type": "Point", "coordinates": [ -51.965833329999953, -25.662777779999942 ] } },
{ "type": "Feature", "properties": { "NOME": "Caveiras", "propriet": "Celesc Geração S.A.", "RIO": "Rio das Caveiras", "potencia": 4290.0, "ini_oper": null, "ceg": "CGH.PH.SC.000728-5.02", "created_us": "BERNARDO.OLIVEIRA", "created_da": "2024-12-13T00:00:00", "last_edite": "BERNARDO.OLIVEIRA", "last_edi_1": "2024-12-13T00:00:00" }, "geometry": { "type": "Point", "coordinates": [ -50.480556, -27.815 ] } },
{ "type": "Feature", "properties": { "NOME": "Moinho", "propriet": "100% para CRELUZ - COOPERATIVA DE GERAÇÃO DE ENERGIA E DESENVOLVIMENTO (REG)", "RIO": "Rio Jaboticaba", "potencia": 270.0, "ini_oper": "2007-05-01T00:00:00", "ceg": "CGH.PH.RS.028690-7.01", "created_us": "BERNARDO.OLIVEIRA", "created_da": "2024-12-13T00:00:00", "last_edite": "BERNARDO.OLIVEIRA", "last_edi_1": "2024-12-13T00:00:00" }, "geometry": { "type": "Point", "coordinates": [ -53.186666669999966, -27.561111109999956 ] } },
{ "type": "Feature", "properties": { "NOME": "Alto Farias", "propriet": "100% para SPE Alto Farias S.A. (REG)", "RIO": null, "potencia": 3006.0, "ini_oper": "2021-12-01T00:00:00", "ceg": "CGH.PH.SC.035698-0.02", "created_us": "BERNARDO.OLIVEIRA", "created_da": "2024-12-13T00:00:00", "last_edite": "BERNARDO.OLIVEIRA", "last_edi_1": "2024-12-13T00:00:00" }, "geometry": { "type": "Point", "coordinates": [ -48.836061669999935, -27.471195 ] } },
{ "type": "Feature", "properties": { "NOME": "Lajes", "propriet": "100% para Alvorada Energia S.A. (REG)", "RIO": "Ribeirão das Lajes", "potencia": 2070.0, "ini_oper": "1970-06-01T00:00:00", "ceg": "CGH.PH.TO.001305-6.01", "created_us": "BERNARDO.OLIVEIRA", "created_da": "2024-12-13T00:00:00", "last_edite": "BERNARDO.OLIVEIRA", "last_edi_1": "2024-12-13T00:00:00" }, "geometry": { "type": "Point", "coordinates": [ -48.150833329999955, -6.781944439999961 ] } },
{ "type": "Feature", "properties": { "NOME": "Laranja Doce", "propriet": "100% para QUATIARA ENERGIA S.A. (REG)", "RIO": "Ribeirão Laranja Doce", "potencia": 720.0, "ini_oper": "1929-01-01T00:00:00", "ceg": "CGH.PH.SP.001310-2.01", "created_us": "BERNARDO.OLIVEIRA", "created_da": "2024-12-13T00:00:00", "last_edite": "BERNARDO.OLIVEIRA", "last_edi_1": "2024-12-13T00:00:00" }, "geometry": { "type": "Point", "coordinates": [ -51.170833, -22.246944 ] } },
{ "type": "Feature", "properties": { "NOME": "Princesa", "propriet": "100% para Central Geradora Hidrelétrica Princesa Ltda. (REG)", "RIO": "Rio Maria Preta", "potencia": 550.0, "ini_oper": "2017-05-01T00:00:00", "ceg": "CGH.PH.SC.029988-0.01", "created_us": "BERNARDO.OLIVEIRA", "created_da": "2024-12-13T00:00:00", "last_edite": "BERNARDO.OLIVEIRA", "last_edi_1": "2024-12-13T00:00:00" }, "geometry": { "type": "Point", "coordinates": [ -53.589827779999951, -26.421930559999964 ] } },
{ "type": "Feature", "properties": { "NOME": "Parque I", "propriet": "100% para HIDRELETRICA VALE DO JORDAO LTDA (REG)", "RIO": "Rio Jordão", "potencia": 4740.0, "ini_oper": "2017-12-04T00:00:00", "ceg": "CGH.PH.PR.038250-7.01", "created_us": "BERNARDO.OLIVEIRA", "created_da": "2024-12-13T00:00:00", "last_edite": "BERNARDO.OLIVEIRA", "last_edi_1": "2024-12-13T00:00:00" }, "geometry": { "type": "Point", "coordinates": [ -51.457777779999958, -25.442777779999972 ] } },
{ "type": "Feature", "properties": { "NOME": "Barra Clara", "propriet": "100% para BC SERVICE ENERGÉTICA S.A. (REG)", "RIO": "Rio Engano", "potencia": 1540.0, "ini_oper": "2010-02-26T00:00:00", "ceg": "CGH.PH.SC.029764-0.02", "created_us": "BERNARDO.OLIVEIRA", "created_da": "2024-12-13T00:00:00", "last_edite": "BERNARDO.OLIVEIRA", "last_edi_1": "2024-12-13T00:00:00" }, "geometry": { "type": "Point", "coordinates": [ -49.103055559999973, -27.529166669999938 ] } },
{ "type": "Feature", "properties": { "NOME": "Karl Kuhlemann", "propriet": "100% para HYDRO KUHLEMANN GERAÇÃO LTDA (REG)", "RIO": "Rio Krauel", "potencia": 2016.0, "ini_oper": "2013-12-27T00:00:00", "ceg": "CGH.PH.SC.030394-1.02", "created_us": "BERNARDO.OLIVEIRA", "created_da": "2024-12-13T00:00:00", "last_edite": "BERNARDO.OLIVEIRA", "last_edi_1": "2024-12-13T00:00:00" }, "geometry": { "type": "Point", "coordinates": [ -49.681820289999962, -26.98761068999994 ] } },
{ "type": "Feature", "properties": { "NOME": "Martinuv", "propriet": "100% para Central Hidrelétrica Martinuv Ltda. (REG)", "RIO": "Rio Pimenta Bueno", "potencia": 1840.0, "ini_oper": "2005-09-30T00:00:00", "ceg": "CGH.PH.RO.029211-7.01", "created_us": "BERNARDO.OLIVEIRA", "created_da": "2024-12-13T00:00:00", "last_edite": "BERNARDO.OLIVEIRA", "last_edi_1": "2024-12-13T00:00:00" }, "geometry": { "type": "Point", "coordinates": [ -60.292845269999987, -12.823063959999956 ] } },
{ "type": "Feature", "properties": { "NOME": "Wiggers", "propriet": "100% para Valmiro Wiggers &amp Cia. Ltda. (REG)", "RIO": "Rio Bravo", "potencia": 600.0, "ini_oper": "2006-01-31T00:00:00", "ceg": "CGH.PH.SC.029384-9.01", "created_us": "BERNARDO.OLIVEIRA", "created_da": "2024-12-13T00:00:00", "last_edite": "BERNARDO.OLIVEIRA", "last_edi_1": "2024-12-13T00:00:00" }, "geometry": { "type": "Point", "coordinates": [ -49.091127779999965, -28.063747219999982 ] } },
{ "type": "Feature", "properties": { "NOME": "Santa Bárbara", "propriet": "100% para Santa Bárbara Energia S.A. (REG)", "RIO": "Ribeirão Pai Inácio", "potencia": 1000.0, "ini_oper": "2013-10-25T00:00:00", "ceg": "CGH.PH.MG.031277-0.01", "created_us": "BERNARDO.OLIVEIRA", "created_da": "2024-12-13T00:00:00", "last_edite": "BERNARDO.OLIVEIRA", "last_edi_1": "2024-12-13T00:00:00" }, "geometry": { "type": "Point", "coordinates": [ -42.363611109999965, -20.806111109999961 ] } },
{ "type": "Feature", "properties": { "NOME": "Rafael Arabutã", "propriet": "100% para CINÉTICA ENERGIA LTDA (REG)", "RIO": "Rio Engano", "potencia": 1200.0, "ini_oper": "2019-08-16T00:00:00", "ceg": "CGH.PH.SC.045158-4.01", "created_us": "BERNARDO.OLIVEIRA", "created_da": "2024-12-13T00:00:00", "last_edite": "BERNARDO.OLIVEIRA", "last_edi_1": "2024-12-13T00:00:00" }, "geometry": { "type": "Point", "coordinates": [ -52.171661109999945, -27.105727779999938 ] } },
{ "type": "Feature", "properties": { "NOME": "Nilo BonfantI (Antiga Cascata do Buricá)", "propriet": "100% para COOPERATIVA DE GERAÇÃO DE ENERGIA E DESENVOLVIMENTO SOCIAL LTDA. (REG)", "RIO": "Rio Buricá", "potencia": 680.0, "ini_oper": "1999-08-15T00:00:00", "ceg": "CGH.PH.RS.029022-0.01", "created_us": "BERNARDO.OLIVEIRA", "created_da": "2024-12-13T00:00:00", "last_edite": "BERNARDO.OLIVEIRA", "last_edi_1": "2024-12-13T00:00:00" }, "geometry": { "type": "Point", "coordinates": [ -53.970342639999956, -27.961317419999943 ] } },
{ "type": "Feature", "properties": { "NOME": "Salto do Lobo", "propriet": "100% para Companhia Energética Salto do Lobo LTDA. (REG)", "RIO": "Rio Pardo", "potencia": 1616.0, "ini_oper": "2002-04-24T00:00:00", "ceg": "CGH.PH.SP.028585-4.02", "created_us": "BERNARDO.OLIVEIRA", "created_da": "2024-12-13T00:00:00", "last_edite": "BERNARDO.OLIVEIRA", "last_edi_1": "2024-12-13T00:00:00" }, "geometry": { "type": "Point", "coordinates": [ -48.737882469999931, -22.953804789999936 ] } },
{ "type": "Feature", "properties": { "NOME": "G & D", "propriet": "100% para G &amp D Geradora de Energia Elétrica LTDA. (REG)", "RIO": "Rio do Campo", "potencia": 1000.0, "ini_oper": "2014-06-01T00:00:00", "ceg": "CGH.PH.SC.031623-7.01", "created_us": "BERNARDO.OLIVEIRA", "created_da": "2024-12-13T00:00:00", "last_edite": "BERNARDO.OLIVEIRA", "last_edi_1": "2024-12-13T00:00:00" }, "geometry": { "type": "Point", "coordinates": [ -50.143023639999967, -26.953048199999955 ] } },
{ "type": "Feature", "properties": { "NOME": "Rio Bonito", "propriet": "100% para RIO BONITO ENERGIA LTDA (REG)", "RIO": "Rio Bonito", "potencia": 1530.0, "ini_oper": "2012-12-11T00:00:00", "ceg": "CGH.PH.SC.030132-9.02", "created_us": "BERNARDO.OLIVEIRA", "created_da": "2024-12-13T00:00:00", "last_edite": "BERNARDO.OLIVEIRA", "last_edi_1": "2024-12-13T00:00:00" }, "geometry": { "type": "Point", "coordinates": [ -50.883513879999953, -26.456102979999969 ] } },
{ "type": "Feature", "properties": { "NOME": "Melissa", "propriet": "100% para Copel Geração E Transmissão S.A. (REG)", "RIO": "Rio Melissa", "potencia": 1000.0, "ini_oper": "1966-01-31T00:00:00", "ceg": "CGH.PH.PR.001452-4.01", "created_us": "BERNARDO.OLIVEIRA", "created_da": "2024-12-13T00:00:00", "last_edite": "BERNARDO.OLIVEIRA", "last_edi_1": "2024-12-13T00:00:00" }, "geometry": { "type": "Point", "coordinates": [ -53.204295, -24.535193059999983 ] } },
{ "type": "Feature", "properties": { "NOME": "Mariquita", "propriet": "100% para CENTRAL ENERGÉTICA UNIÃO S/A (REG)", "RIO": "Rio Aurora", "potencia": 880.0, "ini_oper": "1925-03-01T00:00:00", "ceg": "CGH.PH.PE.028695-8.01", "created_us": "BERNARDO.OLIVEIRA", "created_da": "2024-12-13T00:00:00", "last_edite": "BERNARDO.OLIVEIRA", "last_edi_1": "2024-12-13T00:00:00" }, "geometry": { "type": "Point", "coordinates": [ -35.402714379999964, -8.353185959999962 ] } },
{ "type": "Feature", "properties": { "NOME": "Ubirajara Machado de Moraes", "propriet": "100% para Dme Energética S.A. - DMEE (REG)", "RIO": "Ribeirão das Antas", "potencia": 800.0, "ini_oper": "1985-10-19T00:00:00", "ceg": "CGH.PH.MG.027139-0.01", "created_us": "BERNARDO.OLIVEIRA", "created_da": "2024-12-13T00:00:00", "last_edite": "BERNARDO.OLIVEIRA", "last_edi_1": "2024-12-13T00:00:00" }, "geometry": { "type": "Point", "coordinates": [ -46.61513003999994, -21.774984089999975 ] } },
{ "type": "Feature", "properties": { "NOME": "Divinópolis", "propriet": "100% para PLURAL LTDA (REG)", "RIO": "Rio Itapecerica", "potencia": 999.0, "ini_oper": "2007-05-01T00:00:00", "ceg": "CGH.PH.MG.029234-6.01", "created_us": "BERNARDO.OLIVEIRA", "created_da": "2024-12-13T00:00:00", "last_edite": "BERNARDO.OLIVEIRA", "last_edi_1": "2024-12-13T00:00:00" }, "geometry": { "type": "Point", "coordinates": [ -44.880910459999939, -20.140759939999953 ] } },
{ "type": "Feature", "properties": { "NOME": "Rio do Peixe", "propriet": "100% para CELESC Geração S.A. (REG)", "RIO": "Rio do Peixe", "potencia": 520.0, "ini_oper": "1957-01-01T00:00:00", "ceg": "CGH.PH.SC.029368-7.01", "created_us": "BERNARDO.OLIVEIRA", "created_da": "2024-12-13T00:00:00", "last_edite": "BERNARDO.OLIVEIRA", "last_edi_1": "2024-12-13T00:00:00" }, "geometry": { "type": "Point", "coordinates": [ -51.156263009999975, -26.960254439999972 ] } },
{ "type": "Feature", "properties": { "NOME": "Salto", "propriet": "100% para MAYNART ENERGÉTICA LTDA. (REG)", "RIO": "Rio Maynart", "potencia": 4350.0, "ini_oper": "1940-12-23T00:00:00", "ceg": "CGH.PH.MG.027719-3.02", "created_us": "BERNARDO.OLIVEIRA", "created_da": "2024-12-13T00:00:00", "last_edite": "BERNARDO.OLIVEIRA", "last_edi_1": "2024-12-13T00:00:00" }, "geometry": { "type": "Point", "coordinates": [ -43.450555559999941, -20.49416666999997 ] } },
{ "type": "Feature", "properties": { "NOME": "Osvaldo Dino Pigozzi", "propriet": "100% para ZEBU - AGRO INDUSTRIAL LTDA. - ME (REG)", "RIO": "Rio da Glória", "potencia": 280.0, "ini_oper": "1972-01-01T00:00:00", "ceg": "CGH.PH.RS.037327-3.01", "created_us": "BERNARDO.OLIVEIRA", "created_da": "2024-12-13T00:00:00", "last_edite": "BERNARDO.OLIVEIRA", "last_edi_1": "2024-12-13T00:00:00" }, "geometry": { "type": "Point", "coordinates": [ -52.699166669999954, -28.461388889999967 ] } },
{ "type": "Feature", "properties": { "NOME": "Aparecida", "propriet": "100% para COMPANHIA ENERGÉTICA APARECIDA (REG)", "RIO": "Rio Pesqueiro", "potencia": 3060.0, "ini_oper": "2017-05-12T00:00:00", "ceg": "CGH.PH.SC.035736-7.01", "created_us": "BERNARDO.OLIVEIRA", "created_da": "2024-12-13T00:00:00", "last_edite": "BERNARDO.OLIVEIRA", "last_edi_1": "2024-12-13T00:00:00" }, "geometry": { "type": "Point", "coordinates": [ -52.89198719999996, -26.70586738999998 ] } },
{ "type": "Feature", "properties": { "NOME": "Luiz Dias", "propriet": "100% para CEMIG Geração e Transmissão S.A. (REG)", "RIO": "Rio Lourenço Velho", "potencia": 1610.0, "ini_oper": "1914-09-01T00:00:00", "ceg": "CGH.PH.MG.001344-7.02", "created_us": "BERNARDO.OLIVEIRA", "created_da": "2024-12-13T00:00:00", "last_edite": "BERNARDO.OLIVEIRA", "last_edi_1": "2024-12-13T00:00:00" }, "geometry": { "type": "Point", "coordinates": [ -45.349444439999957, -22.369444439999938 ] } },
{ "type": "Feature", "properties": { "NOME": "Gustavo Paiva", "propriet": "100% para Cia. Alagoana de Empreendimentos (REG)", "RIO": "Rio Mundaí", "potencia": 840.0, "ini_oper": "2009-06-22T00:00:00", "ceg": "CGH.PH.AL.030112-4.01", "created_us": "BERNARDO.OLIVEIRA", "created_da": "2024-12-13T00:00:00", "last_edite": "BERNARDO.OLIVEIRA", "last_edi_1": "2024-12-13T00:00:00" }, "geometry": { "type": "Point", "coordinates": [ -35.848888889999955, -9.491944439999941 ] } },
{ "type": "Feature", "properties": { "NOME": "Alto Benedito Novo", "propriet": "100% para COOPERATIVA GERADORA DE ENERGIA ELÉTRICA E DESENVOLVIMENTO SANTA MARIA (REG)", "RIO": "Rio Benedito", "potencia": 2740.0, "ini_oper": "1991-01-04T00:00:00", "ceg": "CGH.PH.SC.000068-0.02", "created_us": "BERNARDO.OLIVEIRA", "created_da": "2024-12-13T00:00:00", "last_edite": "BERNARDO.OLIVEIRA", "last_edi_1": "2024-12-13T00:00:00" }, "geometry": { "type": "Point", "coordinates": [ -49.39666914999998, -26.780829749999953 ] } },
{ "type": "Feature", "properties": { "NOME": "Jacaré Pepira", "propriet": "100% para COBUCCIO ENERGIA LTDA (REG)", "RIO": "Rio Jacaré Pepira", "potencia": 2000.0, "ini_oper": "2010-06-26T00:00:00", "ceg": "CGH.PH.SP.029296-6.02", "created_us": "BERNARDO.OLIVEIRA", "created_da": "2024-12-13T00:00:00", "last_edite": "BERNARDO.OLIVEIRA", "last_edi_1": "2024-12-13T00:00:00" }, "geometry": { "type": "Point", "coordinates": [ -48.02, -22.425 ] } },
{ "type": "Feature", "properties": { "NOME": "São José", "propriet": "100% para CPFL ENERGIAS RENOVÁVEIS S.A. (REG)", "RIO": "Ribeirão Turvinho", "potencia": 788.0, "ini_oper": "1934-12-31T00:00:00", "ceg": "CGH.PH.SP.026849-6.01", "created_us": "BERNARDO.OLIVEIRA", "created_da": "2024-12-13T00:00:00", "last_edite": "BERNARDO.OLIVEIRA", "last_edi_1": "2024-12-13T00:00:00" }, "geometry": { "type": "Point", "coordinates": [ -47.941111109999952, -24.005555559999948 ] } },
{ "type": "Feature", "properties": { "NOME": "Soledade", "propriet": "100% para COOPERATIVA DE GERAÇÃO E DESENVOLVIMENTO FONTOURA XAVIER (REG)", "RIO": "Rio Fão", "potencia": 1196.0, "ini_oper": "2019-05-01T00:00:00", "ceg": "CGH.PH.RS.000931-8.03", "created_us": "BERNARDO.OLIVEIRA", "created_da": "2024-12-13T00:00:00", "last_edite": "BERNARDO.OLIVEIRA", "last_edi_1": "2024-12-13T00:00:00" }, "geometry": { "type": "Point", "coordinates": [ -52.485928889999968, -28.937720559999946 ] } },
{ "type": "Feature", "properties": { "NOME": "Santa Maria", "propriet": "100% para SANTA MARIA GERACAO E TRANSMISSAO DE ENERGIA S/A (REG)", "RIO": "Rio Santa Maria", "potencia": 240.0, "ini_oper": "1946-06-30T00:00:00", "ceg": "CGH.PH.ES.027182-9.01", "created_us": "BERNARDO.OLIVEIRA", "created_da": "2024-12-13T00:00:00", "last_edite": "BERNARDO.OLIVEIRA", "last_edi_1": "2024-12-13T00:00:00" }, "geometry": { "type": "Point", "coordinates": [ -40.616313709999929, -19.620369939999932 ] } },
{ "type": "Feature", "properties": { "NOME": "Cambui Energis", "propriet": "100% para Energis do Brasil Produção de Energia Ltda. (REG)", "RIO": "Rio do Peixe", "potencia": 920.0, "ini_oper": "2014-10-15T00:00:00", "ceg": "CGH.PH.MG.032005-6.01", "created_us": "BERNARDO.OLIVEIRA", "created_da": "2024-12-13T00:00:00", "last_edite": "BERNARDO.OLIVEIRA", "last_edi_1": "2024-12-13T00:00:00" }, "geometry": { "type": "Point", "coordinates": [ -46.088333329999955, -22.5625 ] } },
{ "type": "Feature", "properties": { "NOME": "Ituerê", "propriet": "100% para BRITO ENERGÉTICA LTDA. (REG)", "RIO": "Rio Pomba", "potencia": 4000.0, "ini_oper": "1918-10-01T00:00:00", "ceg": "CGH.PH.MG.001192-4.02", "created_us": "BERNARDO.OLIVEIRA", "created_da": "2024-12-13T00:00:00", "last_edite": "BERNARDO.OLIVEIRA", "last_edi_1": "2024-12-13T00:00:00" }, "geometry": { "type": "Point", "coordinates": [ -43.208575709999934, -21.299353499999938 ] } },
{ "type": "Feature", "properties": { "NOME": "Trabuco", "propriet": "100% para Ipê Geração de Energia Elétrica Ltda. (REG)", "RIO": "Rio Trabuco", "potencia": 2000.0, "ini_oper": "2014-02-11T00:00:00", "ceg": "CGH.PH.RS.031330-0.01", "created_us": "BERNARDO.OLIVEIRA", "created_da": "2024-12-13T00:00:00", "last_edite": "BERNARDO.OLIVEIRA", "last_edi_1": "2024-12-13T00:00:00" }, "geometry": { "type": "Point", "coordinates": [ -51.219401489999939, -28.607141139999953 ] } },
{ "type": "Feature", "properties": { "NOME": "Nova Ponte Queimada II", "propriet": "100% para Energia Limpa Participações LTDA. (PIE)", "RIO": "Rio Casca", "potencia": 3000.0, "ini_oper": "1983-01-01T00:00:00", "ceg": "CGH.PH.MG.028570-6.01", "created_us": "BERNARDO.OLIVEIRA", "created_da": "2024-12-13T00:00:00", "last_edite": "BERNARDO.OLIVEIRA", "last_edi_1": "2024-12-13T00:00:00" }, "geometry": { "type": "Point", "coordinates": [ -42.651519439999959, -20.276797219999935 ] } },
{ "type": "Feature", "properties": { "NOME": "Ribeirão do Pinhal", "propriet": "100% para Companhia Energética Salto do Lobo LTDA. (REG)", "RIO": "Ribeirão do Pinhal", "potencia": 1200.0, "ini_oper": "2003-07-15T00:00:00", "ceg": "CGH.PH.SP.002238-1.02", "created_us": "BERNARDO.OLIVEIRA", "created_da": "2024-12-13T00:00:00", "last_edite": "BERNARDO.OLIVEIRA", "last_edi_1": "2024-12-13T00:00:00" }, "geometry": { "type": "Point", "coordinates": [ -47.27800740999993, -22.660297879999973 ] } },
{ "type": "Feature", "properties": { "NOME": "Casagrande SA", "propriet": "100% para CGH CASAGRANDE ENERGETICA S/A (REG)", "RIO": "Rio das Pedras", "potencia": 999.0, "ini_oper": "2015-01-15T00:00:00", "ceg": "CGH.PH.SC.033998-9.01", "created_us": "BERNARDO.OLIVEIRA", "created_da": "2024-12-13T00:00:00", "last_edite": "BERNARDO.OLIVEIRA", "last_edi_1": "2024-12-13T00:00:00" }, "geometry": { "type": "Point", "coordinates": [ -50.469964339999933, -27.140190949999976 ] } },
{ "type": "Feature", "properties": { "NOME": "Ivaí", "propriet": "100% para Companhia Estadual de Geração de Energia Elétrica - CEEE-G (REG)", "RIO": "Rio Ivaí", "potencia": 720.0, "ini_oper": "1950-03-01T00:00:00", "ceg": "CGH.PH.RS.001199-1.01", "created_us": "BERNARDO.OLIVEIRA", "created_da": "2024-12-13T00:00:00", "last_edite": "BERNARDO.OLIVEIRA", "last_edi_1": "2024-12-13T00:00:00" }, "geometry": { "type": "Point", "coordinates": [ -53.354937379999967, -29.126720219999982 ] } },
{ "type": "Feature", "properties": { "NOME": "Cascata do Pinheirinho", "propriet": "100% para COPREL Cooperativa de Geração de Energia e Desenvolvimento (REG)", "RIO": "Rio Pinheirinho", "potencia": 880.0, "ini_oper": "1993-03-04T00:00:00", "ceg": "CGH.PH.RS.000706-4.03", "created_us": "BERNARDO.OLIVEIRA", "created_da": "2024-12-13T00:00:00", "last_edite": "BERNARDO.OLIVEIRA", "last_edi_1": "2024-12-13T00:00:00" }, "geometry": { "type": "Point", "coordinates": [ -53.251666669999963, -28.565825 ] } },
{ "type": "Feature", "properties": { "NOME": "SANTANA", "propriet": "100% para JAYADITYA EMPREENDIMENTOS E PARTICIPACOES LTDA. (REG)", "RIO": null, "potencia": 4.32, "ini_oper": "1951-01-01T00:00:00", "ceg": "CGH.PH.SP.027415-1.02", "created_us": "BERNARDO.OLIVEIRA", "created_da": "2024-12-13T00:00:00", "last_edite": "BERNARDO.OLIVEIRA", "last_edi_1": "2024-12-13T00:00:00" }, "geometry": { "type": "Point", "coordinates": [ -48.062222219999967, -22.074166669999954 ] } },
{ "type": "Feature", "properties": { "NOME": "Erna Heidrich", "propriet": "100% para Heidrich Geração Elétrica LTDA. (REG)", "RIO": "Rio Jangada", "potencia": 700.0, "ini_oper": "2001-12-01T00:00:00", "ceg": "CGH.PH.SC.028681-8.01", "created_us": "BERNARDO.OLIVEIRA", "created_da": "2024-12-13T00:00:00", "last_edite": "BERNARDO.OLIVEIRA", "last_edi_1": "2024-12-13T00:00:00" }, "geometry": { "type": "Point", "coordinates": [ -50.1075, -27.097777779999944 ] } },
{ "type": "Feature", "properties": { "NOME": "Buritirana", "propriet": "100% para CENTRAL HIDRELETRICA BURITIRANA S.A. (REG)", "RIO": "Ribeirão Bonito", "potencia": 1120.0, "ini_oper": "2008-01-01T00:00:00", "ceg": "CGH.PH.TO.029804-2.01", "created_us": "BERNARDO.OLIVEIRA", "created_da": "2024-12-13T00:00:00", "last_edite": "BERNARDO.OLIVEIRA", "last_edi_1": "2024-12-13T00:00:00" }, "geometry": { "type": "Point", "coordinates": [ -46.297222219999981, -11.926944439999943 ] } },
{ "type": "Feature", "properties": { "NOME": "Carandaí", "propriet": "100% para AMG BRASIL S.A. (REG)", "RIO": "Rio Carandaí", "potencia": 4200.0, "ini_oper": "1992-01-01T00:00:00", "ceg": "CGH.PH.MG.000667-0.01", "created_us": "BERNARDO.OLIVEIRA", "created_da": "2024-12-13T00:00:00", "last_edite": "BERNARDO.OLIVEIRA", "last_edi_1": "2024-12-13T00:00:00" }, "geometry": { "type": "Point", "coordinates": [ -44.209444449999978, -21.055555549999951 ] } },
{ "type": "Feature", "properties": { "NOME": "Água Clara", "propriet": "100% para Usina Elétrica do Prata S/A (REG)", "RIO": null, "potencia": 4000.0, "ini_oper": "2022-10-26T00:00:00", "ceg": "CGH.PH.MT.029042-4", "created_us": "BERNARDO.OLIVEIRA", "created_da": "2024-12-13T00:00:00", "last_edite": "BERNARDO.OLIVEIRA", "last_edi_1": "2024-12-13T00:00:00" }, "geometry": { "type": "Point", "coordinates": [ -55.074744439999961, -16.09086388999998 ] } },
{ "type": "Feature", "properties": { "NOME": "Itapocuzinho II", "propriet": "100% para DELMAX PAPELÃO E EMBALAGENS LTDA (REG)", "RIO": "Rio Itapocuzinho", "potencia": 1650.0, "ini_oper": "2015-11-12T00:00:00", "ceg": "CGH.PH.SC.035335-3.01", "created_us": "BERNARDO.OLIVEIRA", "created_da": "2024-12-13T00:00:00", "last_edite": "BERNARDO.OLIVEIRA", "last_edi_1": "2024-12-13T00:00:00" }, "geometry": { "type": "Point", "coordinates": [ -49.130277779999972, -26.346944449999967 ] } },
{ "type": "Feature", "properties": { "NOME": "Energia Maia Ltda", "propriet": "100% para Energia Maia Ltda. (REG)", "RIO": "Ribeirão das Botas", "potencia": 600.0, "ini_oper": "2014-09-23T00:00:00", "ceg": "CGH.PH.MS.030049-7.01", "created_us": "BERNARDO.OLIVEIRA", "created_da": "2024-12-13T00:00:00", "last_edite": "BERNARDO.OLIVEIRA", "last_edi_1": "2024-12-13T00:00:00" }, "geometry": { "type": "Point", "coordinates": [ -54.394097629999976, -20.424937219999947 ] } },
{ "type": "Feature", "properties": { "NOME": "Enercol", "propriet": "100% para Energética Oeste Ltda (REG)", "RIO": "Lajeado São Domingos", "potencia": 2000.0, "ini_oper": "2018-03-20T00:00:00", "ceg": "CGH.PH.SC.029229-0.01", "created_us": "BERNARDO.OLIVEIRA", "created_da": "2024-12-13T00:00:00", "last_edite": "BERNARDO.OLIVEIRA", "last_edi_1": "2024-12-13T00:00:00" }, "geometry": { "type": "Point", "coordinates": [ -52.426666669999975, -26.571111109999947 ] } },
{ "type": "Feature", "properties": { "NOME": "Mario Fett", "propriet": "100% para Specht Produtos Alimentícios Ltda (REG)", "RIO": "Rio do Peixe", "potencia": 1710.0, "ini_oper": "1947-01-01T00:00:00", "ceg": "CGH.PH.SC.002354-0.01", "created_us": "BERNARDO.OLIVEIRA", "created_da": "2024-12-13T00:00:00", "last_edite": "BERNARDO.OLIVEIRA", "last_edi_1": "2024-12-13T00:00:00" }, "geometry": { "type": "Point", "coordinates": [ -51.511172239999951, -27.207437189999951 ] } },
{ "type": "Feature", "properties": { "NOME": "Dona Mirian", "propriet": "100% para LIBERTY ENERGIA RENOVÁVEL EIRELI (REG)", "RIO": "Lajeado dos Ivos", "potencia": 632.0, "ini_oper": "2001-06-11T00:00:00", "ceg": "CGH.PH.RS.028941-8.01", "created_us": "BERNARDO.OLIVEIRA", "created_da": "2024-12-13T00:00:00", "last_edite": "BERNARDO.OLIVEIRA", "last_edi_1": "2024-12-13T00:00:00" }, "geometry": { "type": "Point", "coordinates": [ -51.500833329999978, -28.160833329999946 ] } },
{ "type": "Feature", "properties": { "NOME": "Cachoeira", "propriet": "100% para JANUÁRIO DE NAPOLI GERAÇÃO DE ENERGIA LTDA. (REG)", "RIO": "Rio Cachoeira", "potencia": 2920.0, "ini_oper": "1984-11-25T00:00:00", "ceg": "CGH.PH.PR.028010-0.02", "created_us": "BERNARDO.OLIVEIRA", "created_da": "2024-12-13T00:00:00", "last_edite": "BERNARDO.OLIVEIRA", "last_edi_1": "2024-12-13T00:00:00" }, "geometry": { "type": "Point", "coordinates": [ -51.428888889999939, -24.930555559999959 ] } },
{ "type": "Feature", "properties": { "NOME": "João Franco", "propriet": "100% para PORTO ENERGÉTICA LTDA (PIE)", "RIO": "Rio Machado", "potencia": 1000.0, "ini_oper": "2015-03-16T00:00:00", "ceg": "CGH.PH.MG.029644-9.01", "created_us": "BERNARDO.OLIVEIRA", "created_da": "2024-12-13T00:00:00", "last_edite": "BERNARDO.OLIVEIRA", "last_edi_1": "2024-12-13T00:00:00" }, "geometry": { "type": "Point", "coordinates": [ -46.092191839999941, -21.834526919999973 ] } },
{ "type": "Feature", "properties": { "NOME": "Santa Cleonice", "propriet": "100% para RP Geradora de Energia Ltda. (REG)", "RIO": "Rio Canoas", "potencia": 440.0, "ini_oper": "2012-01-27T00:00:00", "ceg": "CGH.PH.MG.029216-8.01", "created_us": "BERNARDO.OLIVEIRA", "created_da": "2024-12-13T00:00:00", "last_edite": "BERNARDO.OLIVEIRA", "last_edi_1": "2024-12-13T00:00:00" }, "geometry": { "type": "Point", "coordinates": [ -46.833635919999949, -21.348032149999938 ] } },
{ "type": "Feature", "properties": { "NOME": "Médio Garcia", "propriet": "100% para MÉDIO GARCIA HIDRELÉTRICA S.A (PIE)", "RIO": "Rio Garcia", "potencia": 1000.0, "ini_oper": "2018-12-28T00:00:00", "ceg": "CGH.PH.SC.035742-1.01", "created_us": "BERNARDO.OLIVEIRA", "created_da": "2024-12-13T00:00:00", "last_edite": "BERNARDO.OLIVEIRA", "last_edi_1": "2024-12-13T00:00:00" }, "geometry": { "type": "Point", "coordinates": [ -49.000014699999952, -27.511384729999975 ] } },
{ "type": "Feature", "properties": { "NOME": "Posto", "propriet": "100% para COPREL Cooperativa de Geração de Energia e Desenvolvimento (REG)", "RIO": "Rio Forquilha ou Inhanduva", "potencia": 780.0, "ini_oper": "1996-06-01T00:00:00", "ceg": "CGH.PH.RS.028915-9.01", "created_us": "BERNARDO.OLIVEIRA", "created_da": "2024-12-13T00:00:00", "last_edite": "BERNARDO.OLIVEIRA", "last_edi_1": "2024-12-13T00:00:00" }, "geometry": { "type": "Point", "coordinates": [ -51.626944439999932, -28.13 ] } },
{ "type": "Feature", "properties": { "NOME": "Caa Yari", "propriet": "100% para CRELUZ - COOPERATIVA DE GERAÇÃO DE ENERGIA E DESENVOLVIMENTO (REG)", "RIO": "Lajeado Grande", "potencia": 1000.0, "ini_oper": "2014-04-01T00:00:00", "ceg": "CGH.PH.RS.029212-5.01", "created_us": "BERNARDO.OLIVEIRA", "created_da": "2024-12-13T00:00:00", "last_edite": "BERNARDO.OLIVEIRA", "last_edi_1": "2024-12-13T00:00:00" }, "geometry": { "type": "Point", "coordinates": [ -54.120555559999957, -27.429166669999972 ] } },
{ "type": "Feature", "properties": { "NOME": "Rio Fortaleza", "propriet": "100% para CRELUZ - COOPERATIVA DE GERAÇÃO DE ENERGIA E DESENVOLVIMENTO (REG)", "RIO": "Arroio Fortaleza", "potencia": 880.0, "ini_oper": "1999-07-01T00:00:00", "ceg": "CGH.PH.RS.027100-4.01", "created_us": "BERNARDO.OLIVEIRA", "created_da": "2024-12-13T00:00:00", "last_edite": "BERNARDO.OLIVEIRA", "last_edi_1": "2024-12-13T00:00:00" }, "geometry": { "type": "Point", "coordinates": [ -53.457461069999965, -27.473566829999982 ] } },
{ "type": "Feature", "properties": { "NOME": "Noidore", "propriet": "100% para Eloi Brunetta &amp Cia  Ltda (REG)", "RIO": "Rio Noidore", "potencia": 1000.0, "ini_oper": "2002-04-30T00:00:00", "ceg": "CGH.PH.MT.028899-3.01", "created_us": "BERNARDO.OLIVEIRA", "created_da": "2024-12-13T00:00:00", "last_edite": "BERNARDO.OLIVEIRA", "last_edi_1": "2024-12-13T00:00:00" }, "geometry": { "type": "Point", "coordinates": [ -53.284508209999956, -14.867007229999956 ] } },
{ "type": "Feature", "properties": { "NOME": "Cachoeirinha", "propriet": "100% para RUARO &amp CIA LTDA (REG)", "RIO": null, "potencia": 675.0, "ini_oper": "1998-05-01T00:00:00", "ceg": "CGH.PH.MT.000581-9.01", "created_us": "BERNARDO.OLIVEIRA", "created_da": "2024-12-13T00:00:00", "last_edite": "BERNARDO.OLIVEIRA", "last_edi_1": "2024-12-13T00:00:00" }, "geometry": { "type": "Point", "coordinates": [ -53.581388889999971, -15.879722219999962 ] } },
{ "type": "Feature", "properties": { "NOME": "GAVIAO PEIXOTO", "propriet": "100% para Chimay Empreendimentos e Participações Ltda. (REG)", "RIO": null, "potencia": 4.8, "ini_oper": "1913-01-01T00:00:00", "ceg": "CGH.PH.SP.001025-1.01", "created_us": "BERNARDO.OLIVEIRA", "created_da": "2024-12-13T00:00:00", "last_edite": "BERNARDO.OLIVEIRA", "last_edi_1": "2024-12-13T00:00:00" }, "geometry": { "type": "Point", "coordinates": [ -48.489444439999943, -21.846944439999959 ] } },
{ "type": "Feature", "properties": { "NOME": "Pé de Serra", "propriet": "100% para CENTRAL ENERGÉTICA UNIÃO S/A (REG)", "RIO": "Açude de Pé de Serra", "potencia": 144.0, "ini_oper": "1989-06-01T00:00:00", "ceg": "CGH.PH.PE.028693-1.01", "created_us": "BERNARDO.OLIVEIRA", "created_da": "2024-12-13T00:00:00", "last_edite": "BERNARDO.OLIVEIRA", "last_edi_1": "2024-12-13T00:00:00" }, "geometry": { "type": "Point", "coordinates": [ -35.342400779999934, -8.347631989999968 ] } },
{ "type": "Feature", "properties": { "NOME": "Bandeirante", "propriet": "100% para Companhia Energética Bandeirante S.A (REG)", "RIO": "Rio das Flores", "potencia": 3000.0, "ini_oper": "2012-08-16T00:00:00", "ceg": "CGH.PH.SC.030092-6.02", "created_us": "BERNARDO.OLIVEIRA", "created_da": "2024-12-13T00:00:00", "last_edite": "BERNARDO.OLIVEIRA", "last_edi_1": "2024-12-13T00:00:00" }, "geometry": { "type": "Point", "coordinates": [ -53.668265659999975, -26.798835299999951 ] } },
{ "type": "Feature", "properties": { "NOME": "Cachoeira Alta", "propriet": "100% para ZONA DA MATA GERAÇÃO S/A (REG)", "RIO": "Ribeirão Jequitibá", "potencia": 302.0, "ini_oper": "1918-01-01T00:00:00", "ceg": "CGH.PH.MG.000404-9.01", "created_us": "BERNARDO.OLIVEIRA", "created_da": "2024-12-13T00:00:00", "last_edite": "BERNARDO.OLIVEIRA", "last_edi_1": "2024-12-13T00:00:00" }, "geometry": { "type": "Point", "coordinates": [ -41.963567979999937, -20.276802069999974 ] } },
{ "type": "Feature", "properties": { "NOME": "PASSO DO CERVO", "propriet": "100% para USINAS HIDRELÉTRICAS BRINGHENTI LTDA (REG)", "RIO": "Lajeado Água Branca", "potencia": 750.0, "ini_oper": "2015-05-02T00:00:00", "ceg": "CGH.PH.RS.035444-9.01", "created_us": "BERNARDO.OLIVEIRA", "created_da": "2024-12-13T00:00:00", "last_edite": "BERNARDO.OLIVEIRA", "last_edi_1": "2024-12-13T00:00:00" }, "geometry": { "type": "Point", "coordinates": [ -52.801098549999949, -27.476388099999951 ] } },
{ "type": "Feature", "properties": { "NOME": "Nova Jaguariaíva", "propriet": "100% para PARANÁ GERAÇÃO DE ENERGIA LTDA. (REG)", "RIO": "Rio Jaguariaíva", "potencia": 1219.0, "ini_oper": "1995-05-24T00:00:00", "ceg": "CGH.PH.PR.001549-0.02", "created_us": "BERNARDO.OLIVEIRA", "created_da": "2024-12-13T00:00:00", "last_edite": "BERNARDO.OLIVEIRA", "last_edi_1": "2024-12-13T00:00:00" }, "geometry": { "type": "Point", "coordinates": [ -49.695061079999959, -24.281838059999927 ] } },
{ "type": "Feature", "properties": { "NOME": "Sapezal", "propriet": "100% para MAGGI Energia S.A. (REG)", "RIO": "Rio Sapezal", "potencia": 720.0, "ini_oper": "2002-04-10T00:00:00", "ceg": "CGH.PH.MT.028813-6.01", "created_us": "BERNARDO.OLIVEIRA", "created_da": "2024-12-13T00:00:00", "last_edite": "BERNARDO.OLIVEIRA", "last_edi_1": "2024-12-13T00:00:00" }, "geometry": { "type": "Point", "coordinates": [ -58.848333329999946, -13.538888889999953 ] } },
{ "type": "Feature", "properties": { "NOME": "Rio Palmeiras I", "propriet": "100% para Antônio Fornasa Administradora de Bens Ltda (REG)", "RIO": "Rio Palmeiras", "potencia": 1500.0, "ini_oper": "2002-01-01T00:00:00", "ceg": "CGH.PH.SC.028195-6.02", "created_us": "BERNARDO.OLIVEIRA", "created_da": "2024-12-13T00:00:00", "last_edite": "BERNARDO.OLIVEIRA", "last_edi_1": "2024-12-13T00:00:00" }, "geometry": { "type": "Point", "coordinates": [ -49.25265547999993, -28.419088759999966 ] } },
{ "type": "Feature", "properties": { "NOME": "Corujão", "propriet": "100% para Alvorada Energia S.A. (REG)", "RIO": "Rio Lontra", "potencia": 680.0, "ini_oper": "1948-01-01T00:00:00", "ceg": "CGH.PH.TO.027567-0.01", "created_us": "BERNARDO.OLIVEIRA", "created_da": "2024-12-13T00:00:00", "last_edite": "BERNARDO.OLIVEIRA", "last_edi_1": "2024-12-13T00:00:00" }, "geometry": { "type": "Point", "coordinates": [ -48.235886729999947, -7.21242030999997 ] } },
{ "type": "Feature", "properties": { "NOME": "Marcol", "propriet": "100% para MMRC GERAÇÃO DE ENERGIA LTDA (REG)", "RIO": "Rio Pimenta Bueno", "potencia": 2500.0, "ini_oper": "2011-11-24T00:00:00", "ceg": "CGH.PH.RO.001412-5.02", "created_us": "BERNARDO.OLIVEIRA", "created_da": "2024-12-13T00:00:00", "last_edite": "BERNARDO.OLIVEIRA", "last_edi_1": "2024-12-13T00:00:00" }, "geometry": { "type": "Point", "coordinates": [ -60.322045559999935, -12.845163829999933 ] } },
{ "type": "Feature", "properties": { "NOME": "Itapocuzinho I", "propriet": "100% para DELMAX PAPELÃO E EMBALAGENS LTDA (REG)", "RIO": "Rio Itapocuzinho", "potencia": 480.0, "ini_oper": "2001-03-06T00:00:00", "ceg": "CGH.PH.SC.028727-0.01", "created_us": "BERNARDO.OLIVEIRA", "created_da": "2024-12-13T00:00:00", "last_edite": "BERNARDO.OLIVEIRA", "last_edi_1": "2024-12-13T00:00:00" }, "geometry": { "type": "Point", "coordinates": [ -49.130277779999972, -26.346944449999967 ] } },
{ "type": "Feature", "properties": { "NOME": "Castaman II", "propriet": "100% para PCH CASTAMAN LTDA (REG)", "RIO": "Rio Enganado", "potencia": 950.0, "ini_oper": "1996-06-10T00:00:00", "ceg": "CGH.PH.RO.028083-6.02", "created_us": "BERNARDO.OLIVEIRA", "created_da": "2024-12-13T00:00:00", "last_edite": "BERNARDO.OLIVEIRA", "last_edi_1": "2024-12-13T00:00:00" }, "geometry": { "type": "Point", "coordinates": [ -60.641112679999935, -13.12789577999996 ] } },
{ "type": "Feature", "properties": { "NOME": "Hacker Energia", "propriet": "100% para HACKER ENERGIA LTDA (REG)", "RIO": "Rio Xanxerê", "potencia": 1800.0, "ini_oper": "2015-04-03T00:00:00", "ceg": "CGH.PH.SC.029172-2.02", "created_us": "BERNARDO.OLIVEIRA", "created_da": "2024-12-13T00:00:00", "last_edite": "BERNARDO.OLIVEIRA", "last_edi_1": "2024-12-13T00:00:00" }, "geometry": { "type": "Point", "coordinates": [ -52.452137929999935, -26.988573909999957 ] } },
{ "type": "Feature", "properties": { "NOME": "Cambará", "propriet": "100% para HIDRELÉTRICA CAMBARÁ S/A (REG)", "RIO": "Córrego Tenente Amaral", "potencia": 3499.0, "ini_oper": "2012-12-21T00:00:00", "ceg": "CGH.PH.MT.030813-7.02", "created_us": "BERNARDO.OLIVEIRA", "created_da": "2024-12-13T00:00:00", "last_edite": "BERNARDO.OLIVEIRA", "last_edi_1": "2024-12-13T00:00:00" }, "geometry": { "type": "Point", "coordinates": [ -55.088333329999955, -15.969722219999937 ] } },
{ "type": "Feature", "properties": { "NOME": "Detofol", "propriet": "100% para Hidrelétrica Detofol Ltda. (REG)", "RIO": "Lajeado Grande", "potencia": 1000.0, "ini_oper": "2009-07-21T00:00:00", "ceg": "CGH.PH.SC.029605-8.01", "created_us": "BERNARDO.OLIVEIRA", "created_da": "2024-12-13T00:00:00", "last_edite": "BERNARDO.OLIVEIRA", "last_edi_1": "2024-12-13T00:00:00" }, "geometry": { "type": "Point", "coordinates": [ -53.399117759999967, -26.465631669999937 ] } },
{ "type": "Feature", "properties": { "NOME": "Coqueiral", "propriet": "100% para COQUEIRAL ENERGÉTICA LTDA. (REG)", "RIO": "Rio Engano", "potencia": 3188.0, "ini_oper": "2008-09-09T00:00:00", "ceg": "CGH.PH.SC.029769-0.02", "created_us": "BERNARDO.OLIVEIRA", "created_da": "2024-12-13T00:00:00", "last_edite": "BERNARDO.OLIVEIRA", "last_edi_1": "2024-12-13T00:00:00" }, "geometry": { "type": "Point", "coordinates": [ -49.079547339999976, -27.520382739999945 ] } },
{ "type": "Feature", "properties": { "NOME": "Alagoa III", "propriet": "100% para POLIFERTIL ENERGIA LTDA (PIE)", "RIO": "Rio Aiuruoca", "potencia": 1600.0, "ini_oper": "2024-08-06T00:00:00", "ceg": "CGH.PH.MG.044305-0.01", "created_us": "BERNARDO.OLIVEIRA", "created_da": "2024-12-13T00:00:00", "last_edite": "BERNARDO.OLIVEIRA", "last_edi_1": "2024-12-13T00:00:00" }, "geometry": { "type": "Point", "coordinates": [ -44.66744166999996, -22.231338889999961 ] } },
{ "type": "Feature", "properties": { "NOME": "Floresta", "propriet": "100% para GRÃO MOGOL ENERGIA LTDA (REG)", "RIO": "Ribeirão do Barulho", "potencia": 950.0, "ini_oper": "2014-10-24T00:00:00", "ceg": "CGH.PH.MG.031641-5.01", "created_us": "BERNARDO.OLIVEIRA", "created_da": "2024-12-13T00:00:00", "last_edite": "BERNARDO.OLIVEIRA", "last_edi_1": "2024-12-13T00:00:00" }, "geometry": { "type": "Point", "coordinates": [ -44.408333329999948, -21.986666669999977 ] } },
{ "type": "Feature", "properties": { "NOME": "Santa Maria", "propriet": "100% para CENTRAL GERADORA HIDROELETRICA SANTA MARIA LTDA (REG)", "RIO": "Rio Capivari", "potencia": 513.0, "ini_oper": "2018-06-01T00:00:00", "ceg": "CGH.PH.SC.044298-4.01", "created_us": "BERNARDO.OLIVEIRA", "created_da": "2024-12-13T00:00:00", "last_edite": "BERNARDO.OLIVEIRA", "last_edi_1": "2024-12-13T00:00:00" }, "geometry": { "type": "Point", "coordinates": [ -48.951916669999946, -28.046591669999941 ] } },
{ "type": "Feature", "properties": { "NOME": "SM-06", "propriet": "100% para MAGGI Energia S.A. (REG)", "RIO": "Rio Novo", "potencia": 264.0, "ini_oper": "1984-11-29T00:00:00", "ceg": "CGH.PH.MT.029208-7.01", "created_us": "BERNARDO.OLIVEIRA", "created_da": "2024-12-13T00:00:00", "last_edite": "BERNARDO.OLIVEIRA", "last_edi_1": "2024-12-13T00:00:00" }, "geometry": { "type": "Point", "coordinates": [ -54.933033329999944, -17.273922219999974 ] } },
{ "type": "Feature", "properties": { "NOME": "Ribeirão", "propriet": "100% para GESM - GERAÇÃO DE ENERGIA SUL DE MINAS S/A (REG)", "RIO": "Ribeirão das Furnas", "potencia": 180.0, "ini_oper": "1911-01-01T00:00:00", "ceg": "CGH.PH.MG.028019-4.01", "created_us": "BERNARDO.OLIVEIRA", "created_da": "2024-12-13T00:00:00", "last_edite": "BERNARDO.OLIVEIRA", "last_edi_1": "2024-12-13T00:00:00" }, "geometry": { "type": "Point", "coordinates": [ -44.845570739999971, -21.941451699999959 ] } },
{ "type": "Feature", "properties": { "NOME": "ANJOS", "propriet": "100% para Anjos Energética Ltda. (REG)", "RIO": null, "potencia": 0.83, "ini_oper": "2012-08-27T00:00:00", "ceg": "CGH.PH.MG.031130-8.01", "created_us": "BERNARDO.OLIVEIRA", "created_da": "2024-12-13T00:00:00", "last_edite": "BERNARDO.OLIVEIRA", "last_edi_1": "2024-12-13T00:00:00" }, "geometry": { "type": "Point", "coordinates": [ -43.020583329999965, -20.559236109999972 ] } },
{ "type": "Feature", "properties": { "NOME": "Saltinho", "propriet": "100% para CPFL Sul Centrais Elétricas Ltda (REG)", "RIO": "Rio da Telha", "potencia": 800.0, "ini_oper": "1950-01-01T00:00:00", "ceg": "CGH.PH.RS.002572-0.01", "created_us": "BERNARDO.OLIVEIRA", "created_da": "2024-12-13T00:00:00", "last_edite": "BERNARDO.OLIVEIRA", "last_edi_1": "2024-12-13T00:00:00" }, "geometry": { "type": "Point", "coordinates": [ -51.355023789999962, -28.619212689999983 ] } },
{ "type": "Feature", "properties": { "NOME": "Macuco", "propriet": "50% para São Valentim Geração de Energia S.A. (REG) 50% para Bugio Agropecuária LTDA. (REG)", "RIO": "Lajeado do Tigre", "potencia": 800.0, "ini_oper": "2011-05-11T00:00:00", "ceg": "CGH.PH.SC.030598-7.01", "created_us": "BERNARDO.OLIVEIRA", "created_da": "2024-12-13T00:00:00", "last_edite": "BERNARDO.OLIVEIRA", "last_edi_1": "2024-12-13T00:00:00" }, "geometry": { "type": "Point", "coordinates": [ -52.776111109999931, -27.152222219999942 ] } },
{ "type": "Feature", "properties": { "NOME": "Margarida Lltda", "propriet": "20% para Gilberto Marin (REG) 20% para Margarida dos Santos Dall Alba (REG) 20% para Ines Palmiro de Sousa Castaman (REG) 20% para Luciane Fatima Castaman (REG) 20% para Grasiela Albina Castaman Victória (REG)", "RIO": "Rio Enganado", "potencia": 1480.0, "ini_oper": "1997-02-02T00:00:00", "ceg": "CGH.PH.RO.028099-2.04", "created_us": "BERNARDO.OLIVEIRA", "created_da": "2024-12-13T00:00:00", "last_edite": "BERNARDO.OLIVEIRA", "last_edi_1": "2024-12-13T00:00:00" }, "geometry": { "type": "Point", "coordinates": [ -60.656666669999936, -13.15166666999994 ] } },
{ "type": "Feature", "properties": { "NOME": "São Domingos do Prata", "propriet": "100% para Usina São Domingos do Prata LTDA (REG)", "RIO": "Arroio Não Sabia", "potencia": 2205.0, "ini_oper": "2020-08-15T00:00:00", "ceg": "CGH.PH.RS.045162-2.01", "created_us": "BERNARDO.OLIVEIRA", "created_da": "2024-12-13T00:00:00", "last_edite": "BERNARDO.OLIVEIRA", "last_edi_1": "2024-12-13T00:00:00" }, "geometry": { "type": "Point", "coordinates": [ -51.737777779999931, -28.813055559999952 ] } },
{ "type": "Feature", "properties": { "NOME": "Pitangui", "propriet": "100% para Copel Geração E Transmissão S.A. (REG)", "RIO": "Rio Pitangui", "potencia": 870.0, "ini_oper": "1911-01-01T00:00:00", "ceg": "CGH.PH.PR.002085-0.01", "created_us": "BERNARDO.OLIVEIRA", "created_da": "2024-12-13T00:00:00", "last_edite": "BERNARDO.OLIVEIRA", "last_edi_1": "2024-12-13T00:00:00" }, "geometry": { "type": "Point", "coordinates": [ -50.133333329999971, -25.033333329999948 ] } },
{ "type": "Feature", "properties": { "NOME": "Santana do Deserto I", "propriet": "100% para CENTRAL GERADORA HIDROELÉTRICA SANTANA DO DESERTO S.A (PIE)", "RIO": "Ribeirão Caguincho", "potencia": 1600.0, "ini_oper": "2018-05-25T00:00:00", "ceg": "CGH.PH.MG.035745-6.01", "created_us": "BERNARDO.OLIVEIRA", "created_da": "2024-12-13T00:00:00", "last_edite": "BERNARDO.OLIVEIRA", "last_edi_1": "2024-12-13T00:00:00" }, "geometry": { "type": "Point", "coordinates": [ -43.155062799999939, -21.96380371999993 ] } },
{ "type": "Feature", "properties": { "NOME": "Palmeiras", "propriet": "100% para CENTRAL HIDRELETRICA PALMEIRAS DO TOCANTINS S/A (PIE)", "RIO": "Ribeirão Bonito", "potencia": 2750.0, "ini_oper": "2018-05-18T00:00:00", "ceg": "CGH.PH.TO.035747-2.01", "created_us": "BERNARDO.OLIVEIRA", "created_da": "2024-12-13T00:00:00", "last_edite": "BERNARDO.OLIVEIRA", "last_edi_1": "2024-12-13T00:00:00" }, "geometry": { "type": "Point", "coordinates": [ -46.329157749999979, -11.93096812999994 ] } },
{ "type": "Feature", "properties": { "NOME": "Miranda Estância", "propriet": "100% para Hidrelétrica Rio Piolho Ltda. (REG)", "RIO": "Rio do Piolho", "potencia": 1940.0, "ini_oper": "2009-12-16T00:00:00", "ceg": "CGH.PH.MT.030227-9.01", "created_us": "BERNARDO.OLIVEIRA", "created_da": "2024-12-13T00:00:00", "last_edite": "BERNARDO.OLIVEIRA", "last_edi_1": "2024-12-13T00:00:00" }, "geometry": { "type": "Point", "coordinates": [ -60.12259679999994, -13.494763879999937 ] } },
{ "type": "Feature", "properties": { "NOME": "Rio Alegre", "propriet": "100% para HIDROPAN GERACAO DE ENERGIA ELETRICA S/A (REG)", "RIO": "Lajeado do Alegre", "potencia": 760.0, "ini_oper": "2000-01-01T00:00:00", "ceg": "CGH.PH.RS.002280-2.01", "created_us": "BERNARDO.OLIVEIRA", "created_da": "2024-12-13T00:00:00", "last_edite": "BERNARDO.OLIVEIRA", "last_edi_1": "2024-12-13T00:00:00" }, "geometry": { "type": "Point", "coordinates": [ -53.440651179999975, -28.202046329999973 ] } },
{ "type": "Feature", "properties": { "NOME": "Sao Pedro I", "propriet": "100% para Usina São Pedro - ME (REG)", "RIO": "Rio Vitorino", "potencia": 300.0, "ini_oper": "1964-01-01T00:00:00", "ceg": "CGH.PH.PR.031470-6.01", "created_us": "BERNARDO.OLIVEIRA", "created_da": "2024-12-13T00:00:00", "last_edite": "BERNARDO.OLIVEIRA", "last_edi_1": "2024-12-13T00:00:00" }, "geometry": { "type": "Point", "coordinates": [ -52.828605559999971, -26.075080559999947 ] } },
{ "type": "Feature", "properties": { "NOME": "Galera Centrais Eletricas 1a", "propriet": "100% para CGH GALERA CENTRAIS ELÉTRICAS 1A LTDA. (REG)", "RIO": "Rio Galera", "potencia": 768.0, "ini_oper": "1997-09-23T00:00:00", "ceg": "CGH.PH.MT.027213-2.01", "created_us": "BERNARDO.OLIVEIRA", "created_da": "2024-12-13T00:00:00", "last_edite": "BERNARDO.OLIVEIRA", "last_edi_1": "2024-12-13T00:00:00" }, "geometry": { "type": "Point", "coordinates": [ -59.499444439999934, -14.465 ] } },
{ "type": "Feature", "properties": { "NOME": "Varginha Jelu", "propriet": "100% para HIDRELÉTRICA JELU LTDA (REG)", "RIO": "Rio Braço do Norte", "potencia": 2000.0, "ini_oper": "2008-09-09T00:00:00", "ceg": "CGH.PH.SC.029158-7.02", "created_us": "BERNARDO.OLIVEIRA", "created_da": "2024-12-13T00:00:00", "last_edite": "BERNARDO.OLIVEIRA", "last_edi_1": "2024-12-13T00:00:00" }, "geometry": { "type": "Point", "coordinates": [ -49.101830349999943, -27.982843259999981 ] } },
{ "type": "Feature", "properties": { "NOME": "Santa Paulina", "propriet": "100% para Alto Braço Energia Ltda. (REG)", "RIO": "Rio Alto Braço", "potencia": 3300.0, "ini_oper": "2021-06-09T00:00:00", "ceg": "CGH.PH.SC.043184-2.01", "created_us": "BERNARDO.OLIVEIRA", "created_da": "2024-12-13T00:00:00", "last_edite": "BERNARDO.OLIVEIRA", "last_edi_1": "2024-12-13T00:00:00" }, "geometry": { "type": "Point", "coordinates": [ -49.241886109999939, -27.371955559999947 ] } },
{ "type": "Feature", "properties": { "NOME": "Florestal", "propriet": "100% para PRIMO ENERGÉTICA LTDA (REG)", "RIO": "Ribeirão Florestal", "potencia": 458.0, "ini_oper": "2012-09-02T00:00:00", "ceg": "CGH.PH.MG.030621-5.01", "created_us": "BERNARDO.OLIVEIRA", "created_da": "2024-12-13T00:00:00", "last_edite": "BERNARDO.OLIVEIRA", "last_edi_1": "2024-12-13T00:00:00" }, "geometry": { "type": "Point", "coordinates": [ -44.403294439999968, -19.856155559999934 ] } },
{ "type": "Feature", "properties": { "NOME": "TRAPICHE", "propriet": "100% para Usina Trapiche S.A (REG)", "RIO": null, "potencia": 4.5, "ini_oper": "1940-03-01T00:00:00", "ceg": "CGH.PH.PE.028091-7.02", "created_us": "BERNARDO.OLIVEIRA", "created_da": "2024-12-13T00:00:00", "last_edite": "BERNARDO.OLIVEIRA", "last_edi_1": "2024-12-13T00:00:00" }, "geometry": { "type": "Point", "coordinates": [ -35.197591819999957, -8.631074869999964 ] } },
{ "type": "Feature", "properties": { "NOME": "Eco Vida Cajuru", "propriet": "100% para Eco Vida Ltda (REG)", "RIO": "Ribeirão Borá", "potencia": 560.0, "ini_oper": "2006-12-30T00:00:00", "ceg": "CGH.PH.MG.029326-1.01", "created_us": "BERNARDO.OLIVEIRA", "created_da": "2024-12-13T00:00:00", "last_edite": "BERNARDO.OLIVEIRA", "last_edi_1": "2024-12-13T00:00:00" }, "geometry": { "type": "Point", "coordinates": [ -47.475183329999936, -19.895130559999927 ] } },
{ "type": "Feature", "properties": { "NOME": "Frederico João Cerutti SA", "propriet": "100% para Hidrelétrica Frederico João Cerutti S.A (REG)", "RIO": "Rio Fortaleza", "potencia": 1200.0, "ini_oper": "2003-12-30T00:00:00", "ceg": "CGH.PH.RS.029037-8.01", "created_us": "BERNARDO.OLIVEIRA", "created_da": "2024-12-13T00:00:00", "last_edite": "BERNARDO.OLIVEIRA", "last_edi_1": "2024-12-13T00:00:00" }, "geometry": { "type": "Point", "coordinates": [ -53.431155049999973, -27.51329968999994 ] } },
{ "type": "Feature", "properties": { "NOME": "Santa Adélia", "propriet": "100% para Companhia Energética Tatuí Ltda (REG)", "RIO": "Rio Sorocaba", "potencia": 1000.0, "ini_oper": "2006-05-01T00:00:00", "ceg": "CGH.PH.SP.028186-7.01", "created_us": "BERNARDO.OLIVEIRA", "created_da": "2024-12-13T00:00:00", "last_edite": "BERNARDO.OLIVEIRA", "last_edi_1": "2024-12-13T00:00:00" }, "geometry": { "type": "Point", "coordinates": [ -47.768872519999945, -23.327529829999946 ] } },
{ "type": "Feature", "properties": { "NOME": "SantoAntonio", "propriet": "100% para SANTO ANTONIO GERACAO DE ENERGIA LTDA. (REG)", "RIO": "Rio da Bruaca", "potencia": 1008.0, "ini_oper": "2018-08-01T00:00:00", "ceg": "CGH.PH.SC.040764-0.01", "created_us": "BERNARDO.OLIVEIRA", "created_da": "2024-12-13T00:00:00", "last_edite": "BERNARDO.OLIVEIRA", "last_edi_1": "2024-12-13T00:00:00" }, "geometry": { "type": "Point", "coordinates": [ -49.335092249999946, -26.419708299999968 ] } },
{ "type": "Feature", "properties": { "NOME": "Pinheiros II", "propriet": "100% para Energética Rio Pinheiro Ltda (REG)", "RIO": "Rio Pinheiros Altos", "potencia": 155.0, "ini_oper": "2004-04-08T00:00:00", "ceg": "CGH.PH.SC.028776-8.01", "created_us": "BERNARDO.OLIVEIRA", "created_da": "2024-12-13T00:00:00", "last_edite": "BERNARDO.OLIVEIRA", "last_edi_1": "2024-12-13T00:00:00" }, "geometry": { "type": "Point", "coordinates": [ -49.211141009999949, -28.317331489999958 ] } },
{ "type": "Feature", "properties": { "NOME": "Santa Marta", "propriet": "100% para CEMIG Geração e Transmissão S.A. (REG)", "RIO": "Ribeirão Ticororó", "potencia": 1000.0, "ini_oper": "1944-01-01T00:00:00", "ceg": "CGH.PH.MG.026725-2.02", "created_us": "BERNARDO.OLIVEIRA", "created_da": "2024-12-13T00:00:00", "last_edite": "BERNARDO.OLIVEIRA", "last_edi_1": "2024-12-13T00:00:00" }, "geometry": { "type": "Point", "coordinates": [ -43.308542809999949, -16.627893319999941 ] } },
{ "type": "Feature", "properties": { "NOME": "Laje de Pedra", "propriet": "100% para Laje de Pedra Geração de Energia LTDA (REG)", "RIO": "Jacutinga", "potencia": 3000.0, "ini_oper": "2019-04-20T00:00:00", "ceg": "CGH.PH.SC.040849-2.01", "created_us": "BERNARDO.OLIVEIRA", "created_da": "2024-12-13T00:00:00", "last_edite": "BERNARDO.OLIVEIRA", "last_edi_1": "2024-12-13T00:00:00" }, "geometry": { "type": "Point", "coordinates": [ -51.991389, -27.121111 ] } },
{ "type": "Feature", "properties": { "NOME": "Braga", "propriet": "100% para CRELUZ - COOPERATIVA DE GERAÇÃO DE ENERGIA E DESENVOLVIMENTO (REG)", "RIO": "Rio Braga", "potencia": 520.0, "ini_oper": "2004-05-04T00:00:00", "ceg": "CGH.PH.RS.028510-2.01", "created_us": "BERNARDO.OLIVEIRA", "created_da": "2024-12-13T00:00:00", "last_edite": "BERNARDO.OLIVEIRA", "last_edi_1": "2024-12-13T00:00:00" }, "geometry": { "type": "Point", "coordinates": [ -53.2732, -27.440041669999971 ] } },
{ "type": "Feature", "properties": { "NOME": "Jacutinga", "propriet": "100% para CEMIG Geração e Transmissão S.A. (REG)", "RIO": "Rio Mogi-Guaçu", "potencia": 720.0, "ini_oper": "1948-01-01T00:00:00", "ceg": "CGH.PH.MG.001220-3.01", "created_us": "BERNARDO.OLIVEIRA", "created_da": "2024-12-13T00:00:00", "last_edite": "BERNARDO.OLIVEIRA", "last_edi_1": "2024-12-13T00:00:00" }, "geometry": { "type": "Point", "coordinates": [ -46.675960559999965, -22.258703889999936 ] } },
{ "type": "Feature", "properties": { "NOME": "Frascal", "propriet": "100% para Frascal Geração de Energia Renováveis LTDA - ME (REG)", "RIO": "Rio Correntes", "potencia": 2200.0, "ini_oper": "2015-04-06T00:00:00", "ceg": "CGH.PH.SC.031041-7.01", "created_us": "BERNARDO.OLIVEIRA", "created_da": "2024-12-13T00:00:00", "last_edite": "BERNARDO.OLIVEIRA", "last_edi_1": "2024-12-13T00:00:00" }, "geometry": { "type": "Point", "coordinates": [ -50.489444439999943, -26.956944439999972 ] } },
{ "type": "Feature", "properties": { "NOME": "Bela Miragem", "propriet": "100% para SÃO GABRIEL HIDROENERGIA LTDA (REG)", "RIO": "Rio Coxim", "potencia": 225.0, "ini_oper": "2011-03-01T00:00:00", "ceg": "CGH.PH.MS.030451-4", "created_us": "BERNARDO.OLIVEIRA", "created_da": "2024-12-13T00:00:00", "last_edite": "BERNARDO.OLIVEIRA", "last_edi_1": "2024-12-13T00:00:00" }, "geometry": { "type": "Point", "coordinates": [ -54.539638889999935, -19.402444439999954 ] } },
{ "type": "Feature", "properties": { "NOME": "Ivo Silveira", "propriet": "100% para CELESC Geração S.A. (REG)", "RIO": "Rio Santa Cruz", "potencia": 2600.0, "ini_oper": "1967-10-14T00:00:00", "ceg": "CGH.PH.SC.001202-5.02", "created_us": "BERNARDO.OLIVEIRA", "created_da": "2024-12-13T00:00:00", "last_edite": "BERNARDO.OLIVEIRA", "last_edi_1": "2024-12-13T00:00:00" }, "geometry": { "type": "Point", "coordinates": [ -51.440248059999931, -27.541127069999959 ] } },
{ "type": "Feature", "properties": { "NOME": "Fartura", "propriet": "100% para PCH FARTURA ENERGETICA LTDA (PIE)", "RIO": null, "potencia": 4950.0, "ini_oper": "2023-04-18T00:00:00", "ceg": "CGH.PH.SC.044805-2", "created_us": "BERNARDO.OLIVEIRA", "created_da": "2024-12-13T00:00:00", "last_edite": "BERNARDO.OLIVEIRA", "last_edi_1": "2024-12-13T00:00:00" }, "geometry": { "type": "Point", "coordinates": [ -49.060511109999936, -27.500680559999978 ] } },
{ "type": "Feature", "properties": { "NOME": "Volta Grande", "propriet": "100% para Cooperzem Cooperativa de Geração de Energia e Desenvolvimento (REG)", "RIO": "Rio Capivari", "potencia": 3130.0, "ini_oper": "2016-12-01T00:00:00", "ceg": "CGH.PH.SC.030494-8.02", "created_us": "BERNARDO.OLIVEIRA", "created_da": "2024-12-13T00:00:00", "last_edite": "BERNARDO.OLIVEIRA", "last_edi_1": "2024-12-13T00:00:00" }, "geometry": { "type": "Point", "coordinates": [ -48.943755, -28.090451489999964 ] } },
{ "type": "Feature", "properties": { "NOME": "Mestre", "propriet": "100% para GERMAT GERADORA DE ENERGIA DO ESTADO DE MATO GROSSO LTDA (REG)", "RIO": "Córrego Mestre", "potencia": 2000.0, "ini_oper": "2014-10-27T00:00:00", "ceg": "CGH.PH.MT.029154-4.02", "created_us": "BERNARDO.OLIVEIRA", "created_da": "2024-12-13T00:00:00", "last_edite": "BERNARDO.OLIVEIRA", "last_edi_1": "2024-12-13T00:00:00" }, "geometry": { "type": "Point", "coordinates": [ -55.359444439999947, -15.978055559999973 ] } },
{ "type": "Feature", "properties": { "NOME": "Rio Mato", "propriet": "100% para Usina Rio do Mato Ltda. (REG)", "RIO": "Rio do Mato", "potencia": 1000.0, "ini_oper": "2014-06-26T00:00:00", "ceg": "CGH.PH.SC.029945-6.01", "created_us": "BERNARDO.OLIVEIRA", "created_da": "2024-12-13T00:00:00", "last_edite": "BERNARDO.OLIVEIRA", "last_edi_1": "2024-12-13T00:00:00" }, "geometry": { "type": "Point", "coordinates": [ -51.950277769999957, -26.798888889999944 ] } },
{ "type": "Feature", "properties": { "NOME": "Quatiara", "propriet": "100% para QUATIARA ENERGIA S.A. (REG)", "RIO": "Rio do Peixe", "potencia": 2600.0, "ini_oper": "1939-01-01T00:00:00", "ceg": "CGH.PH.SP.002164-4.02", "created_us": "BERNARDO.OLIVEIRA", "created_da": "2024-12-13T00:00:00", "last_edite": "BERNARDO.OLIVEIRA", "last_edi_1": "2024-12-13T00:00:00" }, "geometry": { "type": "Point", "coordinates": [ -50.929125069999941, -21.951674429999969 ] } },
{ "type": "Feature", "properties": { "NOME": "Bertoldo Jacobsen", "propriet": "100% para KRAFTWERK GERACAO ELETRICA LTDA - ME (REG)", "RIO": "Rio Itajaí-Mirim", "potencia": 1000.0, "ini_oper": "2017-02-01T00:00:00", "ceg": "CGH.PH.SC.037406-7.01", "created_us": "BERNARDO.OLIVEIRA", "created_da": "2024-12-13T00:00:00", "last_edite": "BERNARDO.OLIVEIRA", "last_edi_1": "2024-12-13T00:00:00" }, "geometry": { "type": "Point", "coordinates": [ -49.375555559999952, -27.281944439999961 ] } },
{ "type": "Feature", "properties": { "NOME": "Bruno Heidrich Neto", "propriet": "100% para Heidrich Geração Elétrica LTDA. (REG)", "RIO": "Rio Rauen", "potencia": 2540.0, "ini_oper": "2002-05-21T00:00:00", "ceg": "CGH.PH.SC.028618-4.02", "created_us": "BERNARDO.OLIVEIRA", "created_da": "2024-12-13T00:00:00", "last_edite": "BERNARDO.OLIVEIRA", "last_edi_1": "2024-12-13T00:00:00" }, "geometry": { "type": "Point", "coordinates": [ -50.186404399999958, -27.021817189999979 ] } },
{ "type": "Feature", "properties": { "NOME": "Baitaca", "propriet": "100% para RIO BONITO ENERGIA LTDA (REG)", "RIO": "Rio Bonito", "potencia": 2700.0, "ini_oper": "2012-12-11T00:00:00", "ceg": "CGH.PH.SC.030153-1.02", "created_us": "BERNARDO.OLIVEIRA", "created_da": "2024-12-13T00:00:00", "last_edite": "BERNARDO.OLIVEIRA", "last_edi_1": "2024-12-13T00:00:00" }, "geometry": { "type": "Point", "coordinates": [ -50.834722219999946, -26.44055555999995 ] } },
{ "type": "Feature", "properties": { "NOME": "PCH BURICA", "propriet": "100% para COOPERATIVA DE DESENVOLVIMENTO SOCIAL ENTRE RIOS LTDA (REG)", "RIO": null, "potencia": 3.24, "ini_oper": "1999-05-08T00:00:00", "ceg": "CGH.PH.RS.000329-8.02", "created_us": "BERNARDO.OLIVEIRA", "created_da": "2024-12-13T00:00:00", "last_edite": "BERNARDO.OLIVEIRA", "last_edi_1": "2024-12-13T00:00:00" }, "geometry": { "type": "Point", "coordinates": [ -54.103055559999973, -27.89166666999995 ] } },
{ "type": "Feature", "properties": { "NOME": "Salto Pintado", "propriet": "100% para FAERBER GERAÇÃO S.A. (REG)", "RIO": "Rio Pintado", "potencia": 1000.0, "ini_oper": "1986-05-10T00:00:00", "ceg": "CGH.PH.SC.002665-4.01", "created_us": "BERNARDO.OLIVEIRA", "created_da": "2024-12-13T00:00:00", "last_edite": "BERNARDO.OLIVEIRA", "last_edi_1": "2024-12-13T00:00:00" }, "geometry": { "type": "Point", "coordinates": [ -51.057816199999934, -26.348045149999962 ] } },
{ "type": "Feature", "properties": { "NOME": "Pirapanema", "propriet": "100% para PIRAPANEMA ENERGIA S. A. (REG)", "RIO": "Rio Fumaça", "potencia": 1000.0, "ini_oper": "2013-02-28T00:00:00", "ceg": "CGH.PH.MG.031051-4.01", "created_us": "BERNARDO.OLIVEIRA", "created_da": "2024-12-13T00:00:00", "last_edite": "BERNARDO.OLIVEIRA", "last_edi_1": "2024-12-13T00:00:00" }, "geometry": { "type": "Point", "coordinates": [ -42.440833329999975, -21.017222219999951 ] } },
{ "type": "Feature", "properties": { "NOME": "Santo Antônio De Casca", "propriet": "100% para SANTO ANTONIO GERACAO DE ENERGIA LTDA (REG)", "RIO": "Rio São Domingos", "potencia": 990.0, "ini_oper": "2017-09-01T00:00:00", "ceg": "CGH.PH.RS.038225-6.01", "created_us": "BERNARDO.OLIVEIRA", "created_da": "2024-12-13T00:00:00", "last_edite": "BERNARDO.OLIVEIRA", "last_edi_1": "2024-12-13T00:00:00" }, "geometry": { "type": "Point", "coordinates": [ -51.908569339999985, -28.520310219999942 ] } },
{ "type": "Feature", "properties": { "NOME": "Izabel", "propriet": "100% para SZO Empreendimentos Ltda. (REG)", "RIO": "Rio Sacatrapo", "potencia": 3168.0, "ini_oper": "1915-05-01T00:00:00", "ceg": "CGH.PH.SP.001148-7.03", "created_us": "BERNARDO.OLIVEIRA", "created_da": "2024-12-13T00:00:00", "last_edite": "BERNARDO.OLIVEIRA", "last_edi_1": "2024-12-13T00:00:00" }, "geometry": { "type": "Point", "coordinates": [ -45.452115869999943, -22.727513099999953 ] } },
{ "type": "Feature", "properties": { "NOME": "Santa Luzia", "propriet": "100% para CEMIG Geração e Transmissão S.A. (REG)", "RIO": "Rio Piedade", "potencia": 704.0, "ini_oper": "1958-01-01T00:00:00", "ceg": "CGH.PH.MG.027421-6.01", "created_us": "BERNARDO.OLIVEIRA", "created_da": "2024-12-13T00:00:00", "last_edite": "BERNARDO.OLIVEIRA", "last_edi_1": "2024-12-13T00:00:00" }, "geometry": { "type": "Point", "coordinates": [ -49.215322889999982, -18.525310569999931 ] } },
{ "type": "Feature", "properties": { "NOME": "Taguatinga", "propriet": "100% para Alvorada Energia S.A. (REG)", "RIO": "Ribeirão do Abreu", "potencia": 1750.0, "ini_oper": "1983-01-01T00:00:00", "ceg": "CGH.PH.TO.002796-0.01", "created_us": "BERNARDO.OLIVEIRA", "created_da": "2024-12-13T00:00:00", "last_edite": "BERNARDO.OLIVEIRA", "last_edi_1": "2024-12-13T00:00:00" }, "geometry": { "type": "Point", "coordinates": [ -46.444178789999967, -12.469429599999955 ] } },
{ "type": "Feature", "properties": { "NOME": "Cascata do Barreiro", "propriet": "100% para CRELUZ - COOPERATIVA DE GERAÇÃO DE ENERGIA E DESENVOLVIMENTO (REG)", "RIO": "Lajeado Grande", "potencia": 280.0, "ini_oper": "2005-12-07T00:00:00", "ceg": "CGH.PH.RS.029551-5.01", "created_us": "BERNARDO.OLIVEIRA", "created_da": "2024-12-13T00:00:00", "last_edite": "BERNARDO.OLIVEIRA", "last_edi_1": "2024-12-13T00:00:00" }, "geometry": { "type": "Point", "coordinates": [ -53.135277779999967, -27.88388888999998 ] } },
{ "type": "Feature", "properties": { "NOME": "Pirambeira", "propriet": "100% para GESM - GERAÇÃO DE ENERGIA SUL DE MINAS S/A (REG)", "RIO": "Ribeirão das Furnas", "potencia": 528.0, "ini_oper": "1927-01-01T00:00:00", "ceg": "CGH.PH.MG.028018-6.01", "created_us": "BERNARDO.OLIVEIRA", "created_da": "2024-12-13T00:00:00", "last_edite": "BERNARDO.OLIVEIRA", "last_edi_1": "2024-12-13T00:00:00" }, "geometry": { "type": "Point", "coordinates": [ -44.797363889999986, -21.927736109999955 ] } },
{ "type": "Feature", "properties": { "NOME": "Cachoeira do Oito", "propriet": "100% para SANTA MARIA GERACAO E TRANSMISSAO DE ENERGIA S/A (REG)", "RIO": "Rio Pancas", "potencia": 240.0, "ini_oper": "1953-06-30T00:00:00", "ceg": "CGH.PH.ES.000491-0.01", "created_us": "BERNARDO.OLIVEIRA", "created_da": "2024-12-13T00:00:00", "last_edite": "BERNARDO.OLIVEIRA", "last_edi_1": "2024-12-13T00:00:00" }, "geometry": { "type": "Point", "coordinates": [ -40.611111109999968, -19.473333329999946 ] } },
{ "type": "Feature", "properties": { "NOME": "Andorinhas II", "propriet": "100% para FABRICAS UNIDAS ENERGIA LTDA. (REG)", "RIO": "Rio Chiqueiro e Rio Andorinhas", "potencia": 686.0, "ini_oper": "2016-04-30T00:00:00", "ceg": "CGH.PH.RJ.000769-2.01", "created_us": "BERNARDO.OLIVEIRA", "created_da": "2024-12-13T00:00:00", "last_edite": "BERNARDO.OLIVEIRA", "last_edi_1": "2024-12-13T00:00:00" }, "geometry": { "type": "Point", "coordinates": [ -43.039166659999978, -22.533055549999972 ] } },
{ "type": "Feature", "properties": { "NOME": "Barra", "propriet": "100% para Trombini Embalagens S.A. (REG)", "RIO": "Rio Jordão", "potencia": 4600.0, "ini_oper": "1950-06-10T00:00:00", "ceg": "CGH.PH.PR.027174-8.01", "created_us": "BERNARDO.OLIVEIRA", "created_da": "2024-12-13T00:00:00", "last_edite": "BERNARDO.OLIVEIRA", "last_edi_1": "2024-12-13T00:00:00" }, "geometry": { "type": "Point", "coordinates": [ -52.086889559999975, -25.757596879999937 ] } },
{ "type": "Feature", "properties": { "NOME": "Vargido", "propriet": "100% para VJ ENERGÉTICA LIMITADA (REG)", "RIO": "Rio Vargido", "potencia": 300.0, "ini_oper": "2008-05-09T00:00:00", "ceg": "CGH.PH.BA.029699-6.01", "created_us": "BERNARDO.OLIVEIRA", "created_da": "2024-12-13T00:00:00", "last_edite": "BERNARDO.OLIVEIRA", "last_edi_1": "2024-12-13T00:00:00" }, "geometry": { "type": "Point", "coordinates": [ -39.280232529999978, -13.851068859999941 ] } },
{ "type": "Feature", "properties": { "NOME": "CONRADO HEITOR DE QUEIROZ/KAMAMULTDA", "propriet": "100% para PCH CONRADO HEITOR DE QUEIROZ/KAMAMU LTDA (REG)", "RIO": "Rio Sarare", "potencia": 800.0, "ini_oper": "1998-02-16T00:00:00", "ceg": "CGH.PH.MT.000816-8.01", "created_us": "BERNARDO.OLIVEIRA", "created_da": "2024-12-13T00:00:00", "last_edite": "BERNARDO.OLIVEIRA", "last_edi_1": "2024-12-13T00:00:00" }, "geometry": { "type": "Point", "coordinates": [ -59.416706569999974, -14.602557439999941 ] } },
{ "type": "Feature", "properties": { "NOME": "Burro Branco I", "propriet": "100% para Serra Brasil Usina Eletrica LTDA (REG)", "RIO": "Rio Burro Branco", "potencia": 909.0, "ini_oper": "2015-12-01T00:00:00", "ceg": "CGH.PH.SC.035415-5.01", "created_us": "BERNARDO.OLIVEIRA", "created_da": "2024-12-13T00:00:00", "last_edite": "BERNARDO.OLIVEIRA", "last_edi_1": "2024-12-13T00:00:00" }, "geometry": { "type": "Point", "coordinates": [ -52.978617929999984, -26.739441609999972 ] } },
{ "type": "Feature", "properties": { "NOME": "Simonésia", "propriet": "100% para Simonésia Energia S.A. (REG)", "RIO": "Rio Preto de São Simão", "potencia": 3000.0, "ini_oper": "2015-12-13T00:00:00", "ceg": "CGH.PH.MG.031334-3.01", "created_us": "BERNARDO.OLIVEIRA", "created_da": "2024-12-13T00:00:00", "last_edite": "BERNARDO.OLIVEIRA", "last_edi_1": "2024-12-13T00:00:00" }, "geometry": { "type": "Point", "coordinates": [ -41.998055559999955, -19.998611109999956 ] } },
{ "type": "Feature", "properties": { "NOME": "RP 1", "propriet": "100% para BSBIOS Exportação e Importação LTDA. (REG)", "RIO": "Arroio Butiá", "potencia": 1280.0, "ini_oper": "2015-04-24T00:00:00", "ceg": "CGH.PH.RS.031695-4.01", "created_us": "BERNARDO.OLIVEIRA", "created_da": "2024-12-13T00:00:00", "last_edite": "BERNARDO.OLIVEIRA", "last_edi_1": "2024-12-13T00:00:00" }, "geometry": { "type": "Point", "coordinates": [ -52.701418289999935, -28.840095509999969 ] } },
{ "type": "Feature", "properties": { "NOME": "Buritizal", "propriet": "100% para Hidroelétrica Buritizal LTDA. (PIE)", "RIO": "Ribeirão Buritizal", "potencia": 5000.0, "ini_oper": "2019-10-26T00:00:00", "ceg": "CGH.PH.MT.037358-3.01", "created_us": "BERNARDO.OLIVEIRA", "created_da": "2024-12-13T00:00:00", "last_edite": "BERNARDO.OLIVEIRA", "last_edi_1": "2024-12-13T00:00:00" }, "geometry": { "type": "Point", "coordinates": [ -56.785911109999972, -13.703069439999979 ] } },
{ "type": "Feature", "properties": { "NOME": "Pirapó", "propriet": "100% para CPFL Sul Centrais Elétricas Ltda (REG)", "RIO": "Rio Ijuí", "potencia": 756.0, "ini_oper": "1952-01-01T00:00:00", "ceg": "CGH.PH.RS.028089-5.01", "created_us": "BERNARDO.OLIVEIRA", "created_da": "2024-12-13T00:00:00", "last_edite": "BERNARDO.OLIVEIRA", "last_edi_1": "2024-12-13T00:00:00" }, "geometry": { "type": "Point", "coordinates": [ -55.065820109999947, -28.142076719999977 ] } },
{ "type": "Feature", "properties": { "NOME": "Bagagem", "propriet": "100% para Alvorada Energia S.A. (REG)", "RIO": "Rio Bagagem", "potencia": 480.0, "ini_oper": "1950-01-01T00:00:00", "ceg": "CGH.PH.TO.000184-8.01", "created_us": "BERNARDO.OLIVEIRA", "created_da": "2024-12-13T00:00:00", "last_edite": "BERNARDO.OLIVEIRA", "last_edi_1": "2024-12-13T00:00:00" }, "geometry": { "type": "Point", "coordinates": [ -47.575555559999941, -11.371388889999935 ] } },
{ "type": "Feature", "properties": { "NOME": "Pari", "propriet": "100% para QUATIARA ENERGIA S.A. (REG)", "RIO": "Rio Pari", "potencia": 1344.0, "ini_oper": "1937-04-10T00:00:00", "ceg": "CGH.PH.SP.001988-7.02", "created_us": "BERNARDO.OLIVEIRA", "created_da": "2024-12-13T00:00:00", "last_edite": "BERNARDO.OLIVEIRA", "last_edi_1": "2024-12-13T00:00:00" }, "geometry": { "type": "Point", "coordinates": [ -50.330833329999962, -22.881666669999959 ] } },
{ "type": "Feature", "properties": { "NOME": "BURITIS", "propriet": "100% para Chimay Empreendimentos e Participações Ltda. (REG)", "RIO": null, "potencia": 0.8, "ini_oper": "1922-01-15T00:00:00", "ceg": "CGH.PH.SP.000336-0.01", "created_us": "BERNARDO.OLIVEIRA", "created_da": "2024-12-13T00:00:00", "last_edite": "BERNARDO.OLIVEIRA", "last_edi_1": "2024-12-13T00:00:00" }, "geometry": { "type": "Point", "coordinates": [ -47.705555559999937, -20.214722219999942 ] } },
{ "type": "Feature", "properties": { "NOME": "Brancher", "propriet": "100% para VERA CRUZ GERACAO DE ENERGIA LTDA (REG)", "RIO": "Rio Jacutinga", "potencia": 700.0, "ini_oper": "1974-01-01T00:00:00", "ceg": "CGH.PH.SC.031513-3.01", "created_us": "BERNARDO.OLIVEIRA", "created_da": "2024-12-13T00:00:00", "last_edite": "BERNARDO.OLIVEIRA", "last_edi_1": "2024-12-13T00:00:00" }, "geometry": { "type": "Point", "coordinates": [ -51.818333329999973, -27.085277779999956 ] } },
{ "type": "Feature", "properties": { "NOME": "Cachoeirinha", "propriet": "100% para CACHOEIRINHA ENERGIA S.A (REG)", "RIO": "Rio da Cachoeirinha", "potencia": 1250.0, "ini_oper": "2015-09-01T00:00:00", "ceg": "CGH.PH.MG.030242-2.01", "created_us": "BERNARDO.OLIVEIRA", "created_da": "2024-12-13T00:00:00", "last_edite": "BERNARDO.OLIVEIRA", "last_edi_1": "2024-12-13T00:00:00" }, "geometry": { "type": "Point", "coordinates": [ -46.409940519999964, -22.570464 ] } },
{ "type": "Feature", "properties": { "NOME": "LIBERDADE", "propriet": "100% para LIBERDADE GERACAO DE ENERGIA LTDA. (REG)", "RIO": "Ribeirão Liberdade", "potencia": 1042.0, "ini_oper": "2017-08-15T00:00:00", "ceg": "CGH.PH.SC.038207-8.01", "created_us": "BERNARDO.OLIVEIRA", "created_da": "2024-12-13T00:00:00", "last_edite": "BERNARDO.OLIVEIRA", "last_edi_1": "2024-12-13T00:00:00" }, "geometry": { "type": "Point", "coordinates": [ -49.427109629999961, -26.785939419999977 ] } },
{ "type": "Feature", "properties": { "NOME": "Salto do Timbo", "propriet": "100% para Brasenerg - Geradora de Energia Elétrica Ltda (REG)", "RIO": "Rio Timbó", "potencia": 1000.0, "ini_oper": "1968-01-01T00:00:00", "ceg": "CGH.PH.SC.028646-0.01", "created_us": "BERNARDO.OLIVEIRA", "created_da": "2024-12-13T00:00:00", "last_edite": "BERNARDO.OLIVEIRA", "last_edi_1": "2024-12-13T00:00:00" }, "geometry": { "type": "Point", "coordinates": [ -50.756295469999941, -26.545309849999967 ] } },
{ "type": "Feature", "properties": { "NOME": "Chopim I", "propriet": "100% para Copel Geração E Transmissão S.A. (REG)", "RIO": "Rio Chopim", "potencia": 1980.0, "ini_oper": "1963-05-28T00:00:00", "ceg": "CGH.PH.PR.000771-4.02", "created_us": "BERNARDO.OLIVEIRA", "created_da": "2024-12-13T00:00:00", "last_edite": "BERNARDO.OLIVEIRA", "last_edi_1": "2024-12-13T00:00:00" }, "geometry": { "type": "Point", "coordinates": [ -52.747351, -25.985575769999969 ] } },
{ "type": "Feature", "properties": { "NOME": "Caraguatá", "propriet": "100% para COOPERLUZ- COOPERATIVA DE GERAÇÃO DE ENERGIA E DESENVOLVIMENTO (REG)", "RIO": "Rio Comandai", "potencia": 953.0, "ini_oper": "2004-10-01T00:00:00", "ceg": "CGH.PH.RS.028740-7.01", "created_us": "BERNARDO.OLIVEIRA", "created_da": "2024-12-13T00:00:00", "last_edite": "BERNARDO.OLIVEIRA", "last_edi_1": "2024-12-13T00:00:00" }, "geometry": { "type": "Point", "coordinates": [ -54.835366099999931, -28.023099979999984 ] } },
{ "type": "Feature", "properties": { "NOME": "Pacífico Mascarenhas", "propriet": "100% para PACIFICO MASCARENHAS ENERGETICA LTDA. (PIE)", "RIO": "Rio Parauninha", "potencia": 5000.0, "ini_oper": "1928-01-01T00:00:00", "ceg": "CGH.PH.MG.001928-3.02", "created_us": "BERNARDO.OLIVEIRA", "created_da": "2024-12-13T00:00:00", "last_edite": "BERNARDO.OLIVEIRA", "last_edi_1": "2024-12-13T00:00:00" }, "geometry": { "type": "Point", "coordinates": [ -43.606141899999955, -19.263892 ] } },
{ "type": "Feature", "properties": { "NOME": "Pedacinho do Céu", "propriet": "100% para CGH Pedacinho do Céu SPE Energia Elétrica Ltda (REG)", "RIO": "Rio do Peixe", "potencia": 750.0, "ini_oper": "2013-06-25T00:00:00", "ceg": "CGH.PH.MG.031265-7.01", "created_us": "BERNARDO.OLIVEIRA", "created_da": "2024-12-13T00:00:00", "last_edite": "BERNARDO.OLIVEIRA", "last_edi_1": "2024-12-13T00:00:00" }, "geometry": { "type": "Point", "coordinates": [ -46.208611109999936, -21.73 ] } },
{ "type": "Feature", "properties": { "NOME": "Rio Capivara", "propriet": "100% para Hidrelétrica Capivara LTDA. (REG)", "RIO": "Rio Capivara", "potencia": 1000.0, "ini_oper": "2019-09-04T00:00:00", "ceg": "CGH.PH.PR.045487-7.01", "created_us": "BERNARDO.OLIVEIRA", "created_da": "2024-12-13T00:00:00", "last_edite": "BERNARDO.OLIVEIRA", "last_edi_1": "2024-12-13T00:00:00" }, "geometry": { "type": "Point", "coordinates": [ -51.861388889999944, -25.640277779999963 ] } },
{ "type": "Feature", "properties": { "NOME": "Quilombo", "propriet": "100% para QUILOMBO ENERGIA S/A (REG)", "RIO": "Ribeirão Quilombo", "potencia": 3000.0, "ini_oper": "2019-10-01T00:00:00", "ceg": "CGH.PH.RJ.038155-1.01", "created_us": "BERNARDO.OLIVEIRA", "created_da": "2024-12-13T00:00:00", "last_edite": "BERNARDO.OLIVEIRA", "last_edi_1": "2024-12-13T00:00:00" }, "geometry": { "type": "Point", "coordinates": [ -42.435522219999939, -21.863633329999971 ] } },
{ "type": "Feature", "properties": { "NOME": "Velha", "propriet": "100% para Jaguariaiva Energia SPE Ltda. (REG)", "RIO": "Rio Capivari", "potencia": 1000.0, "ini_oper": "2015-04-01T00:00:00", "ceg": "CGH.PH.PR.033372-7.01", "created_us": "BERNARDO.OLIVEIRA", "created_da": "2024-12-13T00:00:00", "last_edite": "BERNARDO.OLIVEIRA", "last_edi_1": "2024-12-13T00:00:00" }, "geometry": { "type": "Point", "coordinates": [ -49.703051019999975, -24.255147959999931 ] } },
{ "type": "Feature", "properties": { "NOME": "Rio Bonito Tres Vales", "propriet": "100% para Rio Bonito Três Vales Bio Energia Ltda (REG)", "RIO": "Rio Bonito", "potencia": 796.0, "ini_oper": "2015-02-01T00:00:00", "ceg": "CGH.PH.RJ.030620-7.01", "created_us": "BERNARDO.OLIVEIRA", "created_da": "2024-12-13T00:00:00", "last_edite": "BERNARDO.OLIVEIRA", "last_edi_1": "2024-12-13T00:00:00" }, "geometry": { "type": "Point", "coordinates": [ -43.013519389999942, -22.226603569999952 ] } },
{ "type": "Feature", "properties": { "NOME": "Serra Velha", "propriet": "50% para Hidrelétrica Serra Velha Ltda. (REG) 50% para Luli Industria e Comercio de Confecções Eireli (REG)", "RIO": "Rio Carrapato", "potencia": 1250.0, "ini_oper": "2020-07-20T00:00:00", "ceg": "CGH.PH.SC.037678-7.01", "created_us": "BERNARDO.OLIVEIRA", "created_da": "2024-12-13T00:00:00", "last_edite": "BERNARDO.OLIVEIRA", "last_edi_1": "2024-12-13T00:00:00" }, "geometry": { "type": "Point", "coordinates": [ -49.877222219999965, -27.467777779999949 ] } },
{ "type": "Feature", "properties": { "NOME": "Invernadinha", "propriet": "100% para Rondinha Geradora de Energia Ltda. (REG)", "RIO": "Rio Invernadinha", "potencia": 2250.0, "ini_oper": "2012-07-01T00:00:00", "ceg": "CGH.PH.SC.030261-9.02", "created_us": "BERNARDO.OLIVEIRA", "created_da": "2024-12-13T00:00:00", "last_edite": "BERNARDO.OLIVEIRA", "last_edi_1": "2024-12-13T00:00:00" }, "geometry": { "type": "Point", "coordinates": [ -49.912927779999961, -28.40743888999998 ] } },
{ "type": "Feature", "properties": { "NOME": "Aquarius", "propriet": "100% para Aquarius Energética S.A. (REG)", "RIO": "Rio Correntes", "potencia": 4200.0, "ini_oper": "2006-09-19T00:00:00", "ceg": "CGH.PH.MS.000859-1.02", "created_us": "BERNARDO.OLIVEIRA", "created_da": "2024-12-13T00:00:00", "last_edite": "BERNARDO.OLIVEIRA", "last_edi_1": "2024-12-13T00:00:00" }, "geometry": { "type": "Point", "coordinates": [ -54.888347359999955, -17.618897509999954 ] } },
{ "type": "Feature", "properties": { "NOME": "Pito", "propriet": "100% para PINHAL GERADORA DE ENERGIA S.A (PIE)", "RIO": "Lajeado do Curtume ou Passo Grande", "potencia": 4400.0, "ini_oper": "2015-11-18T00:00:00", "ceg": "CGH.PH.SC.030794-7.02", "created_us": "BERNARDO.OLIVEIRA", "created_da": "2024-12-13T00:00:00", "last_edite": "BERNARDO.OLIVEIRA", "last_edi_1": "2024-12-13T00:00:00" }, "geometry": { "type": "Point", "coordinates": [ -51.355759529999943, -27.582812949999948 ] } },
{ "type": "Feature", "properties": { "NOME": "São Domingos", "propriet": "100% para São Domingos Geração de Energias Renovaveis LTDA (REG)", "RIO": "Rio Chapecó", "potencia": 1000.0, "ini_oper": "2016-08-01T00:00:00", "ceg": "CGH.PH.SC.037229-3.01", "created_us": "BERNARDO.OLIVEIRA", "created_da": "2024-12-13T00:00:00", "last_edite": "BERNARDO.OLIVEIRA", "last_edi_1": "2024-12-13T00:00:00" }, "geometry": { "type": "Point", "coordinates": [ -52.496111109999958, -26.580555559999937 ] } },
{ "type": "Feature", "properties": { "NOME": "Dona Enedina", "propriet": "100% para CGH Dona Enedina Energia LTDA (REG)", "RIO": "Rio Corrente Grande", "potencia": 1000.0, "ini_oper": "2017-02-01T00:00:00", "ceg": "CGH.PH.MG.037400-8.01", "created_us": "BERNARDO.OLIVEIRA", "created_da": "2024-12-13T00:00:00", "last_edite": "BERNARDO.OLIVEIRA", "last_edi_1": "2024-12-13T00:00:00" }, "geometry": { "type": "Point", "coordinates": [ -42.822646529999929, -18.789822519999973 ] } },
{ "type": "Feature", "properties": { "NOME": "TAPUIAS", "propriet": "100% para CENTRAL HIDRELETRICA TAPUIAS LTDA (REG)", "RIO": "Ribeirão do Inferno", "potencia": 1800.0, "ini_oper": "2016-01-19T00:00:00", "ceg": "CGH.PH.TO.035426-0.01", "created_us": "BERNARDO.OLIVEIRA", "created_da": "2024-12-13T00:00:00", "last_edite": "BERNARDO.OLIVEIRA", "last_edi_1": "2024-12-13T00:00:00" }, "geometry": { "type": "Point", "coordinates": [ -46.27644276999996, -11.926766839999971 ] } },
{ "type": "Feature", "properties": { "NOME": "Parisotto", "propriet": "50% para São Valentim Geração de Energia S.A. (REG) 50% para Bugio Agropecuária LTDA. (REG)", "RIO": "Lajeado do Tigre", "potencia": 720.0, "ini_oper": "2012-09-04T00:00:00", "ceg": "CGH.PH.SC.030998-2.01", "created_us": "BERNARDO.OLIVEIRA", "created_da": "2024-12-13T00:00:00", "last_edite": "BERNARDO.OLIVEIRA", "last_edi_1": "2024-12-13T00:00:00" }, "geometry": { "type": "Point", "coordinates": [ -52.771388889999969, -27.1625 ] } },
{ "type": "Feature", "properties": { "NOME": "Serrania", "propriet": "100% para SM Geração de Energia Ltda - ME (REG)", "RIO": "Rio Muzambo", "potencia": 990.0, "ini_oper": "1987-04-01T00:00:00", "ceg": "CGH.PH.MG.029881-6.01", "created_us": "BERNARDO.OLIVEIRA", "created_da": "2024-12-13T00:00:00", "last_edite": "BERNARDO.OLIVEIRA", "last_edi_1": "2024-12-13T00:00:00" }, "geometry": { "type": "Point", "coordinates": [ -46.19055555999995, -21.559444439999936 ] } },
{ "type": "Feature", "properties": { "NOME": "Xicão", "propriet": "100% para CEMIG Geração e Transmissão S.A. (REG)", "RIO": "Ribeirão Santa Cruz", "potencia": 1808.0, "ini_oper": "1942-01-01T00:00:00", "ceg": "CGH.PH.MG.003059-7.02", "created_us": "BERNARDO.OLIVEIRA", "created_da": "2024-12-13T00:00:00", "last_edite": "BERNARDO.OLIVEIRA", "last_edi_1": "2024-12-13T00:00:00" }, "geometry": { "type": "Point", "coordinates": [ -45.471011209999972, -21.924131359999933 ] } },
{ "type": "Feature", "properties": { "NOME": "Caxambu", "propriet": "100% para AGROPECUARIA FOCKINK LTDA (REG)", "RIO": "Rio Caxambu", "potencia": 975.0, "ini_oper": "2014-11-08T00:00:00", "ceg": "CGH.PH.RS.002317-5.01", "created_us": "BERNARDO.OLIVEIRA", "created_da": "2024-12-13T00:00:00", "last_edite": "BERNARDO.OLIVEIRA", "last_edi_1": "2024-12-13T00:00:00" }, "geometry": { "type": "Point", "coordinates": [ -53.458513769999968, -28.39725459999994 ] } },
{ "type": "Feature", "properties": { "NOME": "Boa Vista Capeada", "propriet": "100% para POLARIS ENERGIA LTDA (REG)", "RIO": "Ribeirão da Itapeva", "potencia": 720.0, "ini_oper": "2012-03-01T00:00:00", "ceg": "CGH.PH.MG.030919-2.01", "created_us": "BERNARDO.OLIVEIRA", "created_da": "2024-12-13T00:00:00", "last_edite": "BERNARDO.OLIVEIRA", "last_edi_1": "2024-12-13T00:00:00" }, "geometry": { "type": "Point", "coordinates": [ -44.510646829999985, -21.950185469999951 ] } },
{ "type": "Feature", "properties": { "NOME": "Rio Vermelho", "propriet": "100% para USINA RIO VERMELHO DE ENERGIA LTDA. (REG)", "RIO": "Rio Vermelho", "potencia": 2320.0, "ini_oper": "2008-07-15T00:00:00", "ceg": "CGH.PH.SC.029729-1.02", "created_us": "BERNARDO.OLIVEIRA", "created_da": "2024-12-13T00:00:00", "last_edite": "BERNARDO.OLIVEIRA", "last_edi_1": "2024-12-13T00:00:00" }, "geometry": { "type": "Point", "coordinates": [ -49.320755419999955, -26.317081059999964 ] } },
{ "type": "Feature", "properties": { "NOME": "Igrejinha", "propriet": "100% para Boa Vista Do Cadeado Energia LTDA (REG)", "RIO": "Rio Ijuizinho", "potencia": 4850.0, "ini_oper": "2020-11-10T00:00:00", "ceg": "CGH.PH.RS.034672-1.02", "created_us": "BERNARDO.OLIVEIRA", "created_da": "2024-12-13T00:00:00", "last_edite": "BERNARDO.OLIVEIRA", "last_edi_1": "2024-12-13T00:00:00" }, "geometry": { "type": "Point", "coordinates": [ -53.971597219999978, -28.795833329999937 ] } },
{ "type": "Feature", "properties": { "NOME": "Toca", "propriet": "100% para Companhia Estadual de Geração de Energia Elétrica - CEEE-G (REG)", "RIO": "Rio Santa Cruz", "potencia": 1120.0, "ini_oper": "1929-07-01T00:00:00", "ceg": "CGH.PH.RS.002853-3.01", "created_us": "BERNARDO.OLIVEIRA", "created_da": "2024-12-13T00:00:00", "last_edite": "BERNARDO.OLIVEIRA", "last_edi_1": "2024-12-13T00:00:00" }, "geometry": { "type": "Point", "coordinates": [ -50.740511389999938, -29.289108609999971 ] } },
{ "type": "Feature", "properties": { "NOME": "S GRANDE (JAYADITYA)", "propriet": "100% para JAYADITYA EMPREENDIMENTOS E PARTICIPACOES LTDA. (REG)", "RIO": null, "potencia": 4.55, "ini_oper": "1912-01-01T00:00:00", "ceg": "CGH.PH.SP.027172-1.01", "created_us": "BERNARDO.OLIVEIRA", "created_da": "2024-12-13T00:00:00", "last_edite": "BERNARDO.OLIVEIRA", "last_edi_1": "2024-12-13T00:00:00" }, "geometry": { "type": "Point", "coordinates": [ -46.895833329999959, -22.933888889999935 ] } },
{ "type": "Feature", "properties": { "NOME": "Miguel Pereira", "propriet": "100% para ZONA DA MATA GERAÇÃO S/A (REG)", "RIO": "Rio Pomba", "potencia": 736.0, "ini_oper": "1930-01-01T00:00:00", "ceg": "CGH.PH.MG.001462-1.01", "created_us": "BERNARDO.OLIVEIRA", "created_da": "2024-12-13T00:00:00", "last_edite": "BERNARDO.OLIVEIRA", "last_edi_1": "2024-12-13T00:00:00" }, "geometry": { "type": "Point", "coordinates": [ -42.567539179999983, -21.193678119999959 ] } },
{ "type": "Feature", "properties": { "NOME": "RUDOLF LINDNER", "propriet": "100% para LINDNER GERAÇAO DE ENERGIA ELETRICA LTDA (REG)", "RIO": "Rio dos Patos", "potencia": 835.0, "ini_oper": "2014-10-01T00:00:00", "ceg": "CGH.PH.SC.032070-6.01", "created_us": "BERNARDO.OLIVEIRA", "created_da": "2024-12-13T00:00:00", "last_edite": "BERNARDO.OLIVEIRA", "last_edi_1": "2024-12-13T00:00:00" }, "geometry": { "type": "Point", "coordinates": [ -50.739166669999975, -26.913333329999944 ] } },
{ "type": "Feature", "properties": { "NOME": "Turvinho", "propriet": "100% para CPFL ENERGIAS RENOVÁVEIS S.A. (REG)", "RIO": "Ribeirão Turvinho", "potencia": 800.0, "ini_oper": "1912-12-31T00:00:00", "ceg": "CGH.PH.SP.002896-7.01", "created_us": "BERNARDO.OLIVEIRA", "created_da": "2024-12-13T00:00:00", "last_edite": "BERNARDO.OLIVEIRA", "last_edi_1": "2024-12-13T00:00:00" }, "geometry": { "type": "Point", "coordinates": [ -47.957102649999968, -23.999702609999929 ] } },
{ "type": "Feature", "properties": { "NOME": "Taipinha", "propriet": "100% para COOPERATIVA DE GERAÇÃO E DESENVOLVIMENTO FONTOURA XAVIER (REG)", "RIO": "Lajeado Taipinha", "potencia": 864.0, "ini_oper": "2011-11-13T00:00:00", "ceg": "CGH.PH.RS.030668-1.01", "created_us": "BERNARDO.OLIVEIRA", "created_da": "2024-12-13T00:00:00", "last_edite": "BERNARDO.OLIVEIRA", "last_edi_1": "2024-12-13T00:00:00" }, "geometry": { "type": "Point", "coordinates": [ -52.503333329999975, -28.94472221999996 ] } },
{ "type": "Feature", "properties": { "NOME": "Antunes", "propriet": "100% para ANTUNES ENERGIA LTDA (REG)", "RIO": "Arroio dos Antunes", "potencia": 1000.0, "ini_oper": "2017-06-30T00:00:00", "ceg": "CGH.PH.SC.030880-3.01", "created_us": "BERNARDO.OLIVEIRA", "created_da": "2024-12-13T00:00:00", "last_edite": "BERNARDO.OLIVEIRA", "last_edi_1": "2024-12-13T00:00:00" }, "geometry": { "type": "Point", "coordinates": [ -51.196002779999958, -27.649741669999969 ] } },
{ "type": "Feature", "properties": { "NOME": "Santo Antônio", "propriet": "100% para COOPERLUZ- COOPERATIVA DE GERAÇÃO DE ENERGIA E DESENVOLVIMENTO (REG)", "RIO": "Rio Santa Rosa", "potencia": 4500.0, "ini_oper": "2005-10-01T00:00:00", "ceg": "CGH.PH.RS.029050-5.01", "created_us": "BERNARDO.OLIVEIRA", "created_da": "2024-12-13T00:00:00", "last_edite": "BERNARDO.OLIVEIRA", "last_edi_1": "2024-12-13T00:00:00" }, "geometry": { "type": "Point", "coordinates": [ -54.407777779999947, -27.729722219999928 ] } },
{ "type": "Feature", "properties": { "NOME": "Lambedor", "propriet": "100% para Chalana Energética Ltda. (REG)", "RIO": "Rio Lambedor", "potencia": 1000.0, "ini_oper": "2011-01-01T00:00:00", "ceg": "CGH.PH.SC.030151-5.01", "created_us": "BERNARDO.OLIVEIRA", "created_da": "2024-12-13T00:00:00", "last_edite": "BERNARDO.OLIVEIRA", "last_edi_1": "2024-12-13T00:00:00" }, "geometry": { "type": "Point", "coordinates": [ -52.845983859999933, -27.134523589999958 ] } },
{ "type": "Feature", "properties": { "NOME": "Antônio Prado", "propriet": "100% para ANTÔNIO PRADO ENERGIA S.A. (PIE)", "RIO": "Rio Gavião", "potencia": 1000.0, "ini_oper": "2017-09-01T00:00:00", "ceg": "CGH.PH.MG.031618-0.01", "created_us": "BERNARDO.OLIVEIRA", "created_da": "2024-12-13T00:00:00", "last_edite": "BERNARDO.OLIVEIRA", "last_edi_1": "2024-12-13T00:00:00" }, "geometry": { "type": "Point", "coordinates": [ -42.199719529999982, -21.028600129999973 ] } },
{ "type": "Feature", "properties": { "NOME": "Limeira", "propriet": "100% para Limeira Energia S.A. (REG)", "RIO": "Rio Fumaça", "potencia": 1000.0, "ini_oper": "2012-05-28T00:00:00", "ceg": "CGH.PH.MG.030866-8.01", "created_us": "BERNARDO.OLIVEIRA", "created_da": "2024-12-13T00:00:00", "last_edite": "BERNARDO.OLIVEIRA", "last_edi_1": "2024-12-13T00:00:00" }, "geometry": { "type": "Point", "coordinates": [ -42.460709489999942, -21.013985099999957 ] } },
{ "type": "Feature", "properties": { "NOME": "Uvaiá", "propriet": "100% para ENERGETICA UVAIA LTDA (REG)", "RIO": "Rio do Engano", "potencia": 2800.0, "ini_oper": "2017-02-01T00:00:00", "ceg": "CGH.PH.SC.035739-1.01", "created_us": "BERNARDO.OLIVEIRA", "created_da": "2024-12-13T00:00:00", "last_edite": "BERNARDO.OLIVEIRA", "last_edi_1": "2024-12-13T00:00:00" }, "geometry": { "type": "Point", "coordinates": [ -52.351944439999954, -27.259722219999958 ] } },
{ "type": "Feature", "properties": { "NOME": "Bração", "propriet": "100% para BRAÇÃO ENERGÉTICA S/A (REG)", "RIO": "Córrego Bração", "potencia": 460.0, "ini_oper": "2013-01-15T00:00:00", "ceg": "CGH.PH.MG.031023-9.01", "created_us": "BERNARDO.OLIVEIRA", "created_da": "2024-12-13T00:00:00", "last_edite": "BERNARDO.OLIVEIRA", "last_edi_1": "2024-12-13T00:00:00" }, "geometry": { "type": "Point", "coordinates": [ -43.810468129999947, -20.275833329999955 ] } },
{ "type": "Feature", "properties": { "NOME": "Rio do Poncho I", "propriet": "100% para Cooperzem Cooperativa de Geração de Energia e Desenvolvimento (REG)", "RIO": "Rio Chicão", "potencia": 1000.0, "ini_oper": "1994-09-27T00:00:00", "ceg": "CGH.PH.SC.030368-2.01", "created_us": "BERNARDO.OLIVEIRA", "created_da": "2024-12-13T00:00:00", "last_edite": "BERNARDO.OLIVEIRA", "last_edi_1": "2024-12-13T00:00:00" }, "geometry": { "type": "Point", "coordinates": [ -48.878547629999957, -28.004327389999958 ] } },
{ "type": "Feature", "properties": { "NOME": "Salesópolis", "propriet": "100% para COBUCCIO ENERGIA LTDA (REG)", "RIO": "Rio Tietê", "potencia": 1000.0, "ini_oper": "2008-12-09T00:00:00", "ceg": "CGH.PH.SP.002570-4.02", "created_us": "BERNARDO.OLIVEIRA", "created_da": "2024-12-13T00:00:00", "last_edite": "BERNARDO.OLIVEIRA", "last_edi_1": "2024-12-13T00:00:00" }, "geometry": { "type": "Point", "coordinates": [ -45.836388889999967, -23.563333329999978 ] } },
{ "type": "Feature", "properties": { "NOME": "Cascata das Andorinhas", "propriet": "100% para Cooperativa de Geração de Energia e Desenvolvimento (REG)", "RIO": "Lajeado do Tigre", "potencia": 1000.0, "ini_oper": "2003-10-25T00:00:00", "ceg": "CGH.PH.RS.028240-5.01", "created_us": "BERNARDO.OLIVEIRA", "created_da": "2024-12-13T00:00:00", "last_edite": "BERNARDO.OLIVEIRA", "last_edi_1": "2024-12-13T00:00:00" }, "geometry": { "type": "Point", "coordinates": [ -52.769755559999965, -27.353191669999944 ] } },
{ "type": "Feature", "properties": { "NOME": "Henrique Portugal", "propriet": "100% para GESM - GERAÇÃO DE ENERGIA SUL DE MINAS S/A (REG)", "RIO": "Rio do Bananal", "potencia": 800.0, "ini_oper": "1953-01-01T00:00:00", "ceg": "CGH.PH.MG.028022-4.01", "created_us": "BERNARDO.OLIVEIRA", "created_da": "2024-12-13T00:00:00", "last_edite": "BERNARDO.OLIVEIRA", "last_edi_1": "2024-12-13T00:00:00" }, "geometry": { "type": "Point", "coordinates": [ -44.117425, -22.16586633999998 ] } },
{ "type": "Feature", "properties": { "NOME": "Teodoro Schlickmann", "propriet": "50% para SPR INVESTIMENTOS E PARTICIPAÇÕES LTDA (REG) 50% para Werner Industria de Utensílios Domésticos Eireli (REG)", "RIO": "Rio Braço do Norte", "potencia": 866.0, "ini_oper": "2002-09-20T00:00:00", "ceg": "CGH.PH.SC.030591-0.01", "created_us": "BERNARDO.OLIVEIRA", "created_da": "2024-12-13T00:00:00", "last_edite": "BERNARDO.OLIVEIRA", "last_edi_1": "2024-12-13T00:00:00" }, "geometry": { "type": "Point", "coordinates": [ -49.163611109999977, -28.237777779999931 ] } },
{ "type": "Feature", "properties": { "NOME": "Aliança", "propriet": "100% para Energética Aliança Ltda. (REG)", "RIO": "Rio Ariranha", "potencia": 1840.0, "ini_oper": "2008-12-01T00:00:00", "ceg": "CGH.PH.GO.029647-3.01", "created_us": "BERNARDO.OLIVEIRA", "created_da": "2024-12-13T00:00:00", "last_edite": "BERNARDO.OLIVEIRA", "last_edi_1": "2024-12-13T00:00:00" }, "geometry": { "type": "Point", "coordinates": [ -51.898888889999967, -17.908888889999957 ] } },
{ "type": "Feature", "properties": { "NOME": "Rio Chapéu", "propriet": "100% para CENTRAL GERADORA HIDROELÉTRICA J E LTDA (REG)", "RIO": "Rio Chapéu", "potencia": 960.0, "ini_oper": "2007-04-20T00:00:00", "ceg": "CGH.PH.SC.029425-0.01", "created_us": "BERNARDO.OLIVEIRA", "created_da": "2024-12-13T00:00:00", "last_edite": "BERNARDO.OLIVEIRA", "last_edi_1": "2024-12-13T00:00:00" }, "geometry": { "type": "Point", "coordinates": [ -49.198845829999982, -28.099564829999963 ] } },
{ "type": "Feature", "properties": { "NOME": "Ilha (ceesam)", "propriet": "100% para COOPERATIVA GERADORA DE ENERGIA ELÉTRICA E DESENVOLVIMENTO SANTA MARIA (REG)", "RIO": "Rio Santa Maria", "potencia": 1620.0, "ini_oper": "2021-09-23T00:00:00", "ceg": "CGH.PH.SC.055262-3.01", "created_us": "BERNARDO.OLIVEIRA", "created_da": "2024-12-13T00:00:00", "last_edite": "BERNARDO.OLIVEIRA", "last_edi_1": "2024-12-13T00:00:00" }, "geometry": { "type": "Point", "coordinates": [ -49.400277779999954, -26.765277779999963 ] } },
{ "type": "Feature", "properties": { "NOME": "Diamantino", "propriet": "100% para Diamantino Energia LTDA. (PIE)", "RIO": "Rio Diamantino", "potencia": 3000.0, "ini_oper": "2021-08-25T00:00:00", "ceg": "CGH.PH.GO.038152-7.01", "created_us": "BERNARDO.OLIVEIRA", "created_da": "2024-12-13T00:00:00", "last_edite": "BERNARDO.OLIVEIRA", "last_edi_1": "2024-12-13T00:00:00" }, "geometry": { "type": "Point", "coordinates": [ -52.812288199999955, -17.349357319999967 ] } },
{ "type": "Feature", "properties": { "NOME": "Índio Condá", "propriet": "100% para Chapecó Geração de Energias Ltda. (REG)", "RIO": "Rio Chalana", "potencia": 2900.0, "ini_oper": "2015-10-07T00:00:00", "ceg": "CGH.PH.SC.029590-6.01", "created_us": "BERNARDO.OLIVEIRA", "created_da": "2024-12-13T00:00:00", "last_edite": "BERNARDO.OLIVEIRA", "last_edi_1": "2024-12-13T00:00:00" }, "geometry": { "type": "Point", "coordinates": [ -52.701152779999973, -27.138733629999933 ] } },
{ "type": "Feature", "properties": { "NOME": "FAGUNDES", "propriet": "100% para Quanta Geração S.A. (REG)", "RIO": null, "potencia": 4.8, "ini_oper": "1923-02-27T00:00:00", "ceg": "CGH.PH.RJ.000928-8.02", "created_us": "BERNARDO.OLIVEIRA", "created_da": "2024-12-13T00:00:00", "last_edite": "BERNARDO.OLIVEIRA", "last_edi_1": "2024-12-13T00:00:00" }, "geometry": { "type": "Point", "coordinates": [ -43.165555559999973, -22.218611109999927 ] } },
{ "type": "Feature", "properties": { "NOME": "Santa Izabel", "propriet": "100% para Usina Hidrelétrica Santa Izabel LTDA. (REG)", "RIO": "Ribeirão das Botas", "potencia": 1000.0, "ini_oper": "2013-02-01T00:00:00", "ceg": "CGH.PH.MS.029430-6.01", "created_us": "BERNARDO.OLIVEIRA", "created_da": "2024-12-13T00:00:00", "last_edite": "BERNARDO.OLIVEIRA", "last_edi_1": "2024-12-13T00:00:00" }, "geometry": { "type": "Point", "coordinates": [ -54.444335249999938, -20.399910219999981 ] } },
{ "type": "Feature", "properties": { "NOME": "R & F Energia", "propriet": "100% para R &amp F Energia Ltda (REG)", "RIO": "Rio dos Patos", "potencia": 2836.0, "ini_oper": "2016-08-01T00:00:00", "ceg": "CGH.PH.SC.030643-6.01", "created_us": "BERNARDO.OLIVEIRA", "created_da": "2024-12-13T00:00:00", "last_edite": "BERNARDO.OLIVEIRA", "last_edi_1": "2024-12-13T00:00:00" }, "geometry": { "type": "Point", "coordinates": [ -50.722785669999951, -27.092587389999949 ] } },
{ "type": "Feature", "properties": { "NOME": "Santa Luzia", "propriet": "100% para ENERVIX- ENERGIAS DO ESPIRITO SANTO LTDA (PIE)", "RIO": "Rio Concórdia", "potencia": 1512.0, "ini_oper": "2021-03-27T00:00:00", "ceg": "CGH.PH.ES.038158-6.01", "created_us": "BERNARDO.OLIVEIRA", "created_da": "2024-12-13T00:00:00", "last_edite": "BERNARDO.OLIVEIRA", "last_edi_1": "2024-12-13T00:00:00" }, "geometry": { "type": "Point", "coordinates": [ -40.987516679999942, -20.77358997999994 ] } },
{ "type": "Feature", "properties": { "NOME": "MAMBUCA", "propriet": "100% para PAMPA GERADORA DE ENERGIA ELETRICA LTDA (REG)", "RIO": "Arroio Barbosa", "potencia": 1000.0, "ini_oper": "2016-09-26T00:00:00", "ceg": "CGH.PH.RS.037128-9.01", "created_us": "BERNARDO.OLIVEIRA", "created_da": "2024-12-13T00:00:00", "last_edite": "BERNARDO.OLIVEIRA", "last_edi_1": "2024-12-13T00:00:00" }, "geometry": { "type": "Point", "coordinates": [ -53.628888889999985, -28.213888889999964 ] } },
{ "type": "Feature", "properties": { "NOME": "Posses", "propriet": "100% para GRÃO MOGOL ENERGIA LTDA (REG)", "RIO": "Ribeirão Itapeva", "potencia": 950.0, "ini_oper": "2013-11-26T00:00:00", "ceg": "CGH.PH.MG.031281-9.01", "created_us": "BERNARDO.OLIVEIRA", "created_da": "2024-12-13T00:00:00", "last_edite": "BERNARDO.OLIVEIRA", "last_edi_1": "2024-12-13T00:00:00" }, "geometry": { "type": "Point", "coordinates": [ -44.521666669999945, -21.9625 ] } },
{ "type": "Feature", "properties": { "NOME": "Marombas II", "propriet": "100% para Hidrelétrica Marombas II SPE LTDA. (PIE)", "RIO": "Rio das Marombas", "potencia": 1800.0, "ini_oper": "2019-11-01T00:00:00", "ceg": "CGH.PH.SC.038154-3.01", "created_us": "BERNARDO.OLIVEIRA", "created_da": "2024-12-13T00:00:00", "last_edite": "BERNARDO.OLIVEIRA", "last_edi_1": "2024-12-13T00:00:00" }, "geometry": { "type": "Point", "coordinates": [ -50.634444439999982, -27.204444439999975 ] } },
{ "type": "Feature", "properties": { "NOME": "Linha Granja Velha", "propriet": "100% para CRELUZ - COOPERATIVA DE GERAÇÃO DE ENERGIA E DESENVOLVIMENTO (REG)", "RIO": "Rio Fortaleza", "potencia": 1000.0, "ini_oper": "2001-01-21T00:00:00", "ceg": "CGH.PH.RS.028572-2.01", "created_us": "BERNARDO.OLIVEIRA", "created_da": "2024-12-13T00:00:00", "last_edite": "BERNARDO.OLIVEIRA", "last_edi_1": "2024-12-13T00:00:00" }, "geometry": { "type": "Point", "coordinates": [ -53.540833329999941, -27.4275 ] } },
{ "type": "Feature", "properties": { "NOME": "Cajuru", "propriet": "100% para Lúcia de Sampaio Moreira Freitas (REG)", "RIO": "Rio Cubatão", "potencia": 607.0, "ini_oper": "1924-02-01T00:00:00", "ceg": "CGH.PH.SP.028719-9.01", "created_us": "BERNARDO.OLIVEIRA", "created_da": "2024-12-13T00:00:00", "last_edite": "BERNARDO.OLIVEIRA", "last_edi_1": "2024-12-13T00:00:00" }, "geometry": { "type": "Point", "coordinates": [ -47.298132369999962, -21.332541539999966 ] } },
{ "type": "Feature", "properties": { "NOME": "Helena Kuhlemann", "propriet": "100% para FIBRA GERAÇÃO LTDA (REG)", "RIO": "Rio Krauel", "potencia": 2050.0, "ini_oper": "2015-03-06T00:00:00", "ceg": "CGH.PH.SC.030387-9.02", "created_us": "BERNARDO.OLIVEIRA", "created_da": "2024-12-13T00:00:00", "last_edite": "BERNARDO.OLIVEIRA", "last_edi_1": "2024-12-13T00:00:00" }, "geometry": { "type": "Point", "coordinates": [ -49.674722219999978, -26.997777779999979 ] } },
{ "type": "Feature", "properties": { "NOME": "Reinhofer", "propriet": "100% para Reinhofer Energia LTDA. (REG)", "RIO": "Rio Capão Grande", "potencia": 400.0, "ini_oper": "2010-12-01T00:00:00", "ceg": "CGH.PH.PR.030069-1.01", "created_us": "BERNARDO.OLIVEIRA", "created_da": "2024-12-13T00:00:00", "last_edite": "BERNARDO.OLIVEIRA", "last_edi_1": "2024-12-13T00:00:00" }, "geometry": { "type": "Point", "coordinates": [ -51.962416669999982, -25.747208329999978 ] } },
{ "type": "Feature", "properties": { "NOME": "Cachoeira do Cambara", "propriet": "100% para Pequena Central Hidrelétrica Cachoeira do Cambara LTDA. (REG)", "RIO": "Rio Vermelho", "potencia": 2160.0, "ini_oper": "2014-07-14T00:00:00", "ceg": "CGH.PH.RO.032220-2.01", "created_us": "BERNARDO.OLIVEIRA", "created_da": "2024-12-13T00:00:00", "last_edite": "BERNARDO.OLIVEIRA", "last_edi_1": "2024-12-13T00:00:00" }, "geometry": { "type": "Point", "coordinates": [ -60.578055559999939, -12.837777779999954 ] } },
{ "type": "Feature", "properties": { "NOME": "Salto do Vau", "propriet": "100% para Copel Geração E Transmissão S.A. (REG)", "RIO": "Rio Palmital", "potencia": 940.0, "ini_oper": "1959-01-01T00:00:00", "ceg": "CGH.PH.PR.002642-5.01", "created_us": "BERNARDO.OLIVEIRA", "created_da": "2024-12-13T00:00:00", "last_edite": "BERNARDO.OLIVEIRA", "last_edi_1": "2024-12-13T00:00:00" }, "geometry": { "type": "Point", "coordinates": [ -51.189666729999942, -26.034651699999984 ] } },
{ "type": "Feature", "properties": { "NOME": "Humaytá", "propriet": "100% para Vale Verde Empreendimentos Agrícolas Ltda (REG)", "RIO": "Rio Una", "potencia": 1000.0, "ini_oper": "1925-01-01T00:00:00", "ceg": "CGH.PH.PE.028359-2.01", "created_us": "BERNARDO.OLIVEIRA", "created_da": "2024-12-13T00:00:00", "last_edite": "BERNARDO.OLIVEIRA", "last_edi_1": "2024-12-13T00:00:00" }, "geometry": { "type": "Point", "coordinates": [ -35.597730419999948, -8.509108519999927 ] } },
{ "type": "Feature", "properties": { "NOME": "Roça Grande", "propriet": "100% para ZONA DA MATA GERAÇÃO S/A (REG)", "RIO": "Rio Manhuaçu", "potencia": 768.0, "ini_oper": "1929-01-01T00:00:00", "ceg": "CGH.PH.MG.002535-6.01", "created_us": "BERNARDO.OLIVEIRA", "created_da": "2024-12-13T00:00:00", "last_edite": "BERNARDO.OLIVEIRA", "last_edi_1": "2024-12-13T00:00:00" }, "geometry": { "type": "Point", "coordinates": [ -41.994669319999957, -20.218504099999961 ] } },
{ "type": "Feature", "properties": { "NOME": "Lageado", "propriet": "100% para Alvorada Energia S.A. (REG)", "RIO": "Rio Lageado Grande", "potencia": 1776.0, "ini_oper": "1969-05-08T00:00:00", "ceg": "CGH.PH.TO.027013-0.01", "created_us": "BERNARDO.OLIVEIRA", "created_da": "2024-12-13T00:00:00", "last_edite": "BERNARDO.OLIVEIRA", "last_edi_1": "2024-12-13T00:00:00" }, "geometry": { "type": "Point", "coordinates": [ -48.293130449999978, -9.841627699999947 ] } },
{ "type": "Feature", "properties": { "NOME": "Dalba", "propriet": "100% para Dalba Energética Ltda (REG)", "RIO": "Rio do Poço", "potencia": 1000.0, "ini_oper": "2014-05-22T00:00:00", "ceg": "CGH.PH.PR.030577-4.01", "created_us": "BERNARDO.OLIVEIRA", "created_da": "2024-12-13T00:00:00", "last_edite": "BERNARDO.OLIVEIRA", "last_edi_1": "2024-12-13T00:00:00" }, "geometry": { "type": "Point", "coordinates": [ -51.877222219999965, -25.281111109999983 ] } },
{ "type": "Feature", "properties": { "NOME": "João de Deus", "propriet": "100% para EMATEX INDUSTRIAL E COMERCIAL TÊXTIL LTDA. (REG) 100% para EMATEX INDUSTRIAL E COMERCIAL TÊXTIL LTDA. (REG)", "RIO": "Rio Lambari", "potencia": 1568.0, "ini_oper": "1975-12-24T00:00:00", "ceg": "CGH.PH.MG.001252-1.02", "created_us": "BERNARDO.OLIVEIRA", "created_da": "2024-12-13T00:00:00", "last_edite": "BERNARDO.OLIVEIRA", "last_edi_1": "2024-12-13T00:00:00" }, "geometry": { "type": "Point", "coordinates": [ -45.109036839999931, -19.639461769999969 ] } },
{ "type": "Feature", "properties": { "NOME": "CABEÇA DE PATO", "propriet": "100% para Cabeça de Pato Geração de Energia SPE LTDA (REG)", "RIO": "Rio Bonito ou Pedrinho", "potencia": 1600.0, "ini_oper": "2015-12-01T00:00:00", "ceg": "CGH.PH.PR.035484-8.01", "created_us": "BERNARDO.OLIVEIRA", "created_da": "2024-12-13T00:00:00", "last_edite": "BERNARDO.OLIVEIRA", "last_edi_1": "2024-12-13T00:00:00" }, "geometry": { "type": "Point", "coordinates": [ -51.447299199999975, -24.822871109999937 ] } },
{ "type": "Feature", "properties": { "NOME": "Andorinhas", "propriet": "100% para CPFL Sul Centrais Elétricas Ltda (REG)", "RIO": "Rio Poritibu", "potencia": 512.0, "ini_oper": "1937-01-01T00:00:00", "ceg": "CGH.PH.RS.000702-1.01", "created_us": "BERNARDO.OLIVEIRA", "created_da": "2024-12-13T00:00:00", "last_edite": "BERNARDO.OLIVEIRA", "last_edi_1": "2024-12-13T00:00:00" }, "geometry": { "type": "Point", "coordinates": [ -53.81, -28.403055559999927 ] } },
{ "type": "Feature", "properties": { "NOME": "Faxinal", "propriet": "100% para FAXINAL GERAÇÃO DE ENERGIA LTDA (REG)", "RIO": "Arroio Faxinal", "potencia": 1000.0, "ini_oper": "2019-05-10T00:00:00", "ceg": "CGH.PH.RS.038245-0.01", "created_us": "BERNARDO.OLIVEIRA", "created_da": "2024-12-13T00:00:00", "last_edite": "BERNARDO.OLIVEIRA", "last_edi_1": "2024-12-13T00:00:00" }, "geometry": { "type": "Point", "coordinates": [ -51.354444, -28.6475 ] } },
{ "type": "Feature", "properties": { "NOME": "Caramujo", "propriet": "100% para CARAMUJO ENERGÉTICA LTDA (REG)", "RIO": "Córrego Caramujo", "potencia": 3520.0, "ini_oper": "2019-10-01T00:00:00", "ceg": "CGH.PH.MT.032151-6.01", "created_us": "BERNARDO.OLIVEIRA", "created_da": "2024-12-13T00:00:00", "last_edite": "BERNARDO.OLIVEIRA", "last_edi_1": "2024-12-13T00:00:00" }, "geometry": { "type": "Point", "coordinates": [ -58.05805, -14.950277779999965 ] } },
{ "type": "Feature", "properties": { "NOME": "ABRANJO I", "propriet": "100% para ABRANJO GERACAO DE ENERGIA S/A EM RECUPERACAO JUDICIAL (REG)", "RIO": null, "potencia": 4.86, "ini_oper": "2014-05-01T00:00:00", "ceg": "CGH.PH.RS.030400-0.02", "created_us": "BERNARDO.OLIVEIRA", "created_da": "2024-12-13T00:00:00", "last_edite": "BERNARDO.OLIVEIRA", "last_edi_1": "2024-12-13T00:00:00" }, "geometry": { "type": "Point", "coordinates": [ -52.629778809999948, -30.787985499999934 ] } },
{ "type": "Feature", "properties": { "NOME": "Bela União(trincheira)", "propriet": "100% para COOPERLUZ- COOPERATIVA DE GERAÇÃO DE ENERGIA E DESENVOLVIMENTO (REG)", "RIO": "Rio Santa Rosa", "potencia": 2250.0, "ini_oper": "2015-04-10T00:00:00", "ceg": "CGH.PH.RS.030879-0.01", "created_us": "BERNARDO.OLIVEIRA", "created_da": "2024-12-13T00:00:00", "last_edite": "BERNARDO.OLIVEIRA", "last_edi_1": "2024-12-13T00:00:00" }, "geometry": { "type": "Point", "coordinates": [ -54.373611109999956, -27.78138888999996 ] } },
{ "type": "Feature", "properties": { "NOME": "Santa Terezinha", "propriet": "100% para SANTA TEREZINHA GERAÇÃO DE ENERGIA LTDA (REG)", "RIO": "Rio Mogi-Guaçu", "potencia": 1000.0, "ini_oper": "2009-10-09T00:00:00", "ceg": "CGH.PH.MG.028242-1.01", "created_us": "BERNARDO.OLIVEIRA", "created_da": "2024-12-13T00:00:00", "last_edite": "BERNARDO.OLIVEIRA", "last_edi_1": "2024-12-13T00:00:00" }, "geometry": { "type": "Point", "coordinates": [ -46.197281209999971, -22.31470263999995 ] } },
{ "type": "Feature", "properties": { "NOME": "Ernesto Lavratti Neto", "propriet": "20% para Hidroelétrica Ernesto Lavratti Netto SPE LTDA. (REG) 20% para Forma Industria e Comércio de Máquinas e Equipamentos LTDA. (REG) 20% para Indústria e Comércio de Móveis Marx LTDA. (REG) 20% para Lira Tênis Clube (REG) 20% para CEMISIL Cer", "RIO": "Rio Chapecó", "potencia": 1000.0, "ini_oper": "2015-06-01T00:00:00", "ceg": "CGH.PH.SC.029800-0.01", "created_us": "BERNARDO.OLIVEIRA", "created_da": "2024-12-13T00:00:00", "last_edite": "BERNARDO.OLIVEIRA", "last_edi_1": "2024-12-13T00:00:00" }, "geometry": { "type": "Point", "coordinates": [ -52.326666669999952, -26.553055559999962 ] } },
{ "type": "Feature", "properties": { "NOME": "Padovani", "propriet": "100% para Centrais Elétricas Padovani Ltda. (REG)", "RIO": "Rio Central", "potencia": 411.0, "ini_oper": "2014-01-01T00:00:00", "ceg": "CGH.PH.PR.031187-1.01", "created_us": "BERNARDO.OLIVEIRA", "created_da": "2024-12-13T00:00:00", "last_edite": "BERNARDO.OLIVEIRA", "last_edi_1": "2024-12-13T00:00:00" }, "geometry": { "type": "Point", "coordinates": [ -53.816651859999979, -24.916648829999929 ] } },
{ "type": "Feature", "properties": { "NOME": "Dona Maria Piana", "propriet": "100% para MARIA PIANA GERACAO DE ENERGIA SA (REG)", "RIO": "Rio Togas", "potencia": 990.0, "ini_oper": "2009-03-15T00:00:00", "ceg": "CGH.PH.RS.028204-9.01", "created_us": "BERNARDO.OLIVEIRA", "created_da": "2024-12-13T00:00:00", "last_edite": "BERNARDO.OLIVEIRA", "last_edi_1": "2024-12-13T00:00:00" }, "geometry": { "type": "Point", "coordinates": [ -51.309444439999936, -29.089372219999973 ] } },
{ "type": "Feature", "properties": { "NOME": "Serra Negra", "propriet": "100% para Serra Negra Energia S.A. (PIE)", "RIO": null, "potencia": 3000.0, "ini_oper": "2023-04-12T00:00:00", "ceg": "CGH.PH.MG.040663-5.01", "created_us": "BERNARDO.OLIVEIRA", "created_da": "2024-12-13T00:00:00", "last_edite": "BERNARDO.OLIVEIRA", "last_edi_1": "2024-12-13T00:00:00" }, "geometry": { "type": "Point", "coordinates": [ -43.748105, -22.028513889999942 ] } },
{ "type": "Feature", "properties": { "NOME": "Desidério", "propriet": "100% para Eloi Brunetta &amp Cia  Ltda (REG)", "RIO": "Rio Noidore", "potencia": 1000.0, "ini_oper": "2009-08-15T00:00:00", "ceg": "CGH.PH.MT.030374-7.01", "created_us": "BERNARDO.OLIVEIRA", "created_da": "2024-12-13T00:00:00", "last_edite": "BERNARDO.OLIVEIRA", "last_edi_1": "2024-12-13T00:00:00" }, "geometry": { "type": "Point", "coordinates": [ -53.292014409999979, -14.858176619999938 ] } },
{ "type": "Feature", "properties": { "NOME": "Rio Palmeiras", "propriet": "100% para HIDROELETRICA PALMEIRAS S/A (REG)", "RIO": "Arroio Palmeiras", "potencia": 740.0, "ini_oper": "1945-01-01T00:00:00", "ceg": "CGH.PH.RS.002430-9.01", "created_us": "BERNARDO.OLIVEIRA", "created_da": "2024-12-13T00:00:00", "last_edite": "BERNARDO.OLIVEIRA", "last_edi_1": "2024-12-13T00:00:00" }, "geometry": { "type": "Point", "coordinates": [ -53.561362489999965, -28.248989889999962 ] } },
{ "type": "Feature", "properties": { "NOME": "Brito", "propriet": "Brito Energética Ltda.", "RIO": "Rio Piranga", "potencia": 2900.0, "ini_oper": "1924-01-01T00:00:00", "ceg": "CGH.PH.MG.000318-2.02", "created_us": "BERNARDO.OLIVEIRA", "created_da": "2024-12-13T00:00:00", "last_edite": "BERNARDO.OLIVEIRA", "last_edi_1": "2024-12-13T00:00:00" }, "geometry": { "type": "Point", "coordinates": [ -43.006093, -20.454008 ] } },
{ "type": "Feature", "properties": { "NOME": "Barrinha Geração De Energia", "propriet": "100% para Barrinha Geração de Energia Ltda (REG)", "RIO": "Rio Xanxerê", "potencia": 486.0, "ini_oper": "2019-02-18T00:00:00", "ceg": "CGH.PH.SC.047223-9.01", "created_us": "BERNARDO.OLIVEIRA", "created_da": "2024-12-13T00:00:00", "last_edite": "BERNARDO.OLIVEIRA", "last_edi_1": "2024-12-13T00:00:00" }, "geometry": { "type": "Point", "coordinates": [ -52.452222219999953, -26.993333329999928 ] } },
{ "type": "Feature", "properties": { "NOME": "Rio das Pedras", "propriet": "100% para MAROMBAS GERAÇÃO DE ENERGIA LTDA. (REG)", "RIO": "Rio das Marombas", "potencia": 1000.0, "ini_oper": "2010-08-01T00:00:00", "ceg": "CGH.PH.SC.029099-8.01", "created_us": "BERNARDO.OLIVEIRA", "created_da": "2024-12-13T00:00:00", "last_edite": "BERNARDO.OLIVEIRA", "last_edi_1": "2024-12-13T00:00:00" }, "geometry": { "type": "Point", "coordinates": [ -50.545989749999933, -27.14039970999994 ] } },
{ "type": "Feature", "properties": { "NOME": "Santa Cecília", "propriet": "100% para ZONA DA MATA GERAÇÃO S/A (REG)", "RIO": "Ribeirão Bom Sucesso", "potencia": 424.0, "ini_oper": "1950-01-01T00:00:00", "ceg": "CGH.PH.MG.027928-5.01", "created_us": "BERNARDO.OLIVEIRA", "created_da": "2024-12-13T00:00:00", "last_edite": "BERNARDO.OLIVEIRA", "last_edi_1": "2024-12-13T00:00:00" }, "geometry": { "type": "Point", "coordinates": [ -42.604505979999942, -21.141832799999975 ] } },
{ "type": "Feature", "properties": { "NOME": "Curt Lindner", "propriet": "100% para Heidrich Geração Elétrica LTDA. (REG)", "RIO": "Rio Rauen", "potencia": 2283.0, "ini_oper": "2009-09-03T00:00:00", "ceg": "CGH.PH.SC.029781-0.02", "created_us": "BERNARDO.OLIVEIRA", "created_da": "2024-12-13T00:00:00", "last_edite": "BERNARDO.OLIVEIRA", "last_edi_1": "2024-12-13T00:00:00" }, "geometry": { "type": "Point", "coordinates": [ -50.181944439999938, -27.024166669999943 ] } },
{ "type": "Feature", "properties": { "NOME": "Camboatá", "propriet": "100% para CENTRAIS CANDEEIRO DE ENERGIA S.A (REG)", "RIO": "Rio Leão", "potencia": 2000.0, "ini_oper": "2013-07-06T00:00:00", "ceg": "CGH.PH.SC.030172-8.02", "created_us": "BERNARDO.OLIVEIRA", "created_da": "2024-12-13T00:00:00", "last_edite": "BERNARDO.OLIVEIRA", "last_edi_1": "2024-12-13T00:00:00" }, "geometry": { "type": "Point", "coordinates": [ -51.356926719999933, -27.330611029999943 ] } },
{ "type": "Feature", "properties": { "NOME": "Dourados", "propriet": "100% para PCH DOURADOS USINA LTDA (REG)", "RIO": "Rio Dourados", "potencia": 990.0, "ini_oper": "2005-07-28T00:00:00", "ceg": "CGH.PH.MG.029271-0.01", "created_us": "BERNARDO.OLIVEIRA", "created_da": "2024-12-13T00:00:00", "last_edite": "BERNARDO.OLIVEIRA", "last_edi_1": "2024-12-13T00:00:00" }, "geometry": { "type": "Point", "coordinates": [ -47.427222219999976, -18.48194443999995 ] } },
{ "type": "Feature", "properties": { "NOME": "Cristalino", "propriet": "100% para Cristalino Energia Ltda (REG)", "RIO": "Rio Barra Preta", "potencia": 4000.0, "ini_oper": "2005-07-18T00:00:00", "ceg": "CGH.PH.PR.028783-0.01", "created_us": "BERNARDO.OLIVEIRA", "created_da": "2024-12-13T00:00:00", "last_edite": "BERNARDO.OLIVEIRA", "last_edi_1": "2024-12-13T00:00:00" }, "geometry": { "type": "Point", "coordinates": [ -51.557250969999984, -24.573616269999945 ] } },
{ "type": "Feature", "properties": { "NOME": "Sucuri", "propriet": "100% para CENTRAL HIDRELETRICA SUCURI S/A (PIE)", "RIO": "Ribeirão Bonito", "potencia": 2750.0, "ini_oper": "2018-04-11T00:00:00", "ceg": "CGH.PH.TO.035733-2.01", "created_us": "BERNARDO.OLIVEIRA", "created_da": "2024-12-13T00:00:00", "last_edite": "BERNARDO.OLIVEIRA", "last_edi_1": "2024-12-13T00:00:00" }, "geometry": { "type": "Point", "coordinates": [ -46.31290740999998, -11.927954779999936 ] } },
{ "type": "Feature", "properties": { "NOME": "Força e Luz São Pedro", "propriet": "100% para CPEL Indústria de Papel Ltda. (REG)", "RIO": "Rio do Peixe", "potencia": 828.0, "ini_oper": "2008-09-22T00:00:00", "ceg": "CGH.PH.SC.029876-0.01", "created_us": "BERNARDO.OLIVEIRA", "created_da": "2024-12-13T00:00:00", "last_edite": "BERNARDO.OLIVEIRA", "last_edi_1": "2024-12-13T00:00:00" }, "geometry": { "type": "Point", "coordinates": [ -51.233053679999955, -27.049249969999948 ] } },
{ "type": "Feature", "properties": { "NOME": "Corrego Ger", "propriet": "100% para HIDROELÉTRICA CÓRREGO LTDA (REG)", "RIO": "Rio Indaiá Grande", "potencia": 4176.0, "ini_oper": "2019-05-01T00:00:00", "ceg": "CGH.PH.MS.044877-0.01", "created_us": "BERNARDO.OLIVEIRA", "created_da": "2024-12-13T00:00:00", "last_edite": "BERNARDO.OLIVEIRA", "last_edi_1": "2024-12-13T00:00:00" }, "geometry": { "type": "Point", "coordinates": [ -52.605161, -18.979283 ] } },
{ "type": "Feature", "properties": { "NOME": "Salto Morais", "propriet": "100% para CEMIG Geração e Transmissão S.A. (REG)", "RIO": "Rio Tijuco", "potencia": 2394.0, "ini_oper": "1957-01-01T00:00:00", "ceg": "CGH.PH.MG.002656-5.02", "created_us": "BERNARDO.OLIVEIRA", "created_da": "2024-12-13T00:00:00", "last_edite": "BERNARDO.OLIVEIRA", "last_edi_1": "2024-12-13T00:00:00" }, "geometry": { "type": "Point", "coordinates": [ -49.382683609999958, -18.950182779999977 ] } },
{ "type": "Feature", "properties": { "NOME": "Rio das Pacas", "propriet": "50% para Heidrich Geração Elétrica LTDA. (REG) 50% para Forma Industria e Comércio de Máquinas e Equipamentos LTDA. (REG)", "RIO": "Rio Rauen", "potencia": 136.0, "ini_oper": "2014-08-05T00:00:00", "ceg": "CGH.PH.SC.031735-7.01", "created_us": "BERNARDO.OLIVEIRA", "created_da": "2024-12-13T00:00:00", "last_edite": "BERNARDO.OLIVEIRA", "last_edi_1": "2024-12-13T00:00:00" }, "geometry": { "type": "Point", "coordinates": [ -50.172487199999978, -27.02905052999995 ] } },
{ "type": "Feature", "properties": { "NOME": "Spessatto", "propriet": "100% para Leão Branco Geração de Energia Ltda (REG)", "RIO": "Rio do Leão", "potencia": 2380.0, "ini_oper": "2015-11-14T00:00:00", "ceg": "CGH.PH.SC.029771-2.02", "created_us": "BERNARDO.OLIVEIRA", "created_da": "2024-12-13T00:00:00", "last_edite": "BERNARDO.OLIVEIRA", "last_edi_1": "2024-12-13T00:00:00" }, "geometry": { "type": "Point", "coordinates": [ -51.47777777999994, -27.3175 ] } },
{ "type": "Feature", "properties": { "NOME": "Marumbi", "propriet": "100% para Copel Geração E Transmissão S.A. (REG)", "RIO": "Rio Ipiranga", "potencia": 4800.0, "ini_oper": "1961-04-05T00:00:00", "ceg": "CGH.PH.PR.001501-6.02", "created_us": "BERNARDO.OLIVEIRA", "created_da": "2024-12-13T00:00:00", "last_edite": "BERNARDO.OLIVEIRA", "last_edi_1": "2024-12-13T00:00:00" }, "geometry": { "type": "Point", "coordinates": [ -48.92111110999997, -25.424166669999977 ] } },
{ "type": "Feature", "properties": { "NOME": "Pacheco", "propriet": "100% para Da Luz Energia Ltda. (REG)", "RIO": "Rio Pacheco", "potencia": 2000.0, "ini_oper": "2010-02-01T00:00:00", "ceg": "CGH.PH.SC.031005-0.02", "created_us": "BERNARDO.OLIVEIRA", "created_da": "2024-12-13T00:00:00", "last_edite": "BERNARDO.OLIVEIRA", "last_edi_1": "2024-12-13T00:00:00" }, "geometry": { "type": "Point", "coordinates": [ -52.184325409999985, -26.585532499999943 ] } },
{ "type": "Feature", "properties": { "NOME": "SOCORRO", "propriet": "100% para MOHINI EMPREENDIMENTOS E PARTICIPACOES LTDA. (REG)", "RIO": null, "potencia": 1.0, "ini_oper": "1909-01-20T00:00:00", "ceg": "CGH.PH.SP.002762-6.02", "created_us": "BERNARDO.OLIVEIRA", "created_da": "2024-12-13T00:00:00", "last_edite": "BERNARDO.OLIVEIRA", "last_edi_1": "2024-12-13T00:00:00" }, "geometry": { "type": "Point", "coordinates": [ -48.147408329999962, -21.888105559999929 ] } },
{ "type": "Feature", "properties": { "NOME": "Pinheirinho", "propriet": "100% para CPFL ENERGIAS RENOVÁVEIS S.A. (REG)", "RIO": "Ribeirão do Pinheirinho", "potencia": 672.0, "ini_oper": "1911-12-31T00:00:00", "ceg": "CGH.PH.MG.002065-6.01", "created_us": "BERNARDO.OLIVEIRA", "created_da": "2024-12-13T00:00:00", "last_edite": "BERNARDO.OLIVEIRA", "last_edi_1": "2024-12-13T00:00:00" }, "geometry": { "type": "Point", "coordinates": [ -47.040930909999986, -21.128741839999975 ] } },
{ "type": "Feature", "properties": { "NOME": "Rio do Poncho II", "propriet": "100% para Cooperzem Cooperativa de Geração de Energia e Desenvolvimento (REG)", "RIO": "Rio Capivari", "potencia": 883.0, "ini_oper": "1998-11-15T00:00:00", "ceg": "CGH.PH.SC.029592-2.01", "created_us": "BERNARDO.OLIVEIRA", "created_da": "2024-12-13T00:00:00", "last_edite": "BERNARDO.OLIVEIRA", "last_edi_1": "2024-12-13T00:00:00" }, "geometry": { "type": "Point", "coordinates": [ -48.933096099999943, -28.025904189999949 ] } },
{ "type": "Feature", "properties": { "NOME": "Cachoeira dos Macacos", "propriet": "100% para CSN CIMENTOS BRASIL S.A. (REG)", "RIO": "Rio Araguari", "potencia": 3375.0, "ini_oper": "1949-07-27T00:00:00", "ceg": "CGH.PH.MG.028381-9.02", "created_us": "BERNARDO.OLIVEIRA", "created_da": "2024-12-13T00:00:00", "last_edite": "BERNARDO.OLIVEIRA", "last_edi_1": "2024-12-13T00:00:00" }, "geometry": { "type": "Point", "coordinates": [ -47.456520849999947, -19.609442829999978 ] } },
{ "type": "Feature", "properties": { "NOME": "Willy Faller", "propriet": "100% para Mafrás Energia e Reflorestamento Ltda. (PIE)", "RIO": "Lajeado dos Portões", "potencia": 1000.0, "ini_oper": "2017-01-01T00:00:00", "ceg": "CGH.PH.SC.030845-5.01", "created_us": "BERNARDO.OLIVEIRA", "created_da": "2024-12-13T00:00:00", "last_edite": "BERNARDO.OLIVEIRA", "last_edi_1": "2024-12-13T00:00:00" }, "geometry": { "type": "Point", "coordinates": [ -51.001, -27.790358329999947 ] } },
{ "type": "Feature", "properties": { "NOME": "São Lourenço", "propriet": "100% para CELESC Geração S.A. (REG)", "RIO": "Rio São Lourenço", "potencia": 420.0, "ini_oper": "1910-01-01T00:00:00", "ceg": "CGH.PH.SC.027186-1.01", "created_us": "BERNARDO.OLIVEIRA", "created_da": "2024-12-13T00:00:00", "last_edite": "BERNARDO.OLIVEIRA", "last_edi_1": "2024-12-13T00:00:00" }, "geometry": { "type": "Point", "coordinates": [ -49.890349399999934, -26.164679129999968 ] } },
{ "type": "Feature", "properties": { "NOME": "Carlos Bevilácqua", "propriet": "100% para CRELUZ - COOPERATIVA DE GERAÇÃO DE ENERGIA E DESENVOLVIMENTO (REG)", "RIO": "Rio Fortaleza", "potencia": 800.0, "ini_oper": "2009-01-30T00:00:00", "ceg": "CGH.PH.RS.028688-5.01", "created_us": "BERNARDO.OLIVEIRA", "created_da": "2024-12-13T00:00:00", "last_edite": "BERNARDO.OLIVEIRA", "last_edi_1": "2024-12-13T00:00:00" }, "geometry": { "type": "Point", "coordinates": [ -53.385833329999969, -27.598055559999978 ] } },
{ "type": "Feature", "properties": { "NOME": "Rio Itaiozinho", "propriet": "100% para Hidrelétrica Sens LTDA. (REG)", "RIO": "Rio Itaiozinho", "potencia": 900.0, "ini_oper": "2005-12-10T00:00:00", "ceg": "CGH.PH.SC.029756-9.01", "created_us": "BERNARDO.OLIVEIRA", "created_da": "2024-12-13T00:00:00", "last_edite": "BERNARDO.OLIVEIRA", "last_edi_1": "2024-12-13T00:00:00" }, "geometry": { "type": "Point", "coordinates": [ -49.881388889999982, -26.65472221999994 ] } },
{ "type": "Feature", "properties": { "NOME": "Salto da Alemoa", "propriet": "100% para Salto da Alemoa Energética LTDA. (REG)", "RIO": "Rio Chopim", "potencia": 828.0, "ini_oper": "1969-09-01T00:00:00", "ceg": "CGH.PH.PR.002576-3.01", "created_us": "BERNARDO.OLIVEIRA", "created_da": "2024-12-13T00:00:00", "last_edite": "BERNARDO.OLIVEIRA", "last_edi_1": "2024-12-13T00:00:00" }, "geometry": { "type": "Point", "coordinates": [ -52.589794939999933, -26.068542479999962 ] } },
{ "type": "Feature", "properties": { "NOME": "Generoso", "propriet": "100% para Usina Hidrelétrica Paranhos Ltda. (PIE)", "RIO": "Rio Chopim", "potencia": 3000.0, "ini_oper": "2017-02-08T00:00:00", "ceg": "CGH.PH.PR.037573-0.01", "created_us": "BERNARDO.OLIVEIRA", "created_da": "2024-12-13T00:00:00", "last_edite": "BERNARDO.OLIVEIRA", "last_edi_1": "2024-12-13T00:00:00" }, "geometry": { "type": "Point", "coordinates": [ -53.081855559999951, -25.616127779999943 ] } },
{ "type": "Feature", "properties": { "NOME": "Dona Assunta", "propriet": "100% para Eloi Brunetta &amp Cia  Ltda (REG)", "RIO": "Córrego Água Suja", "potencia": 1900.0, "ini_oper": "1994-06-01T00:00:00", "ceg": "CGH.PH.MT.000040-0.02", "created_us": "BERNARDO.OLIVEIRA", "created_da": "2024-12-13T00:00:00", "last_edite": "BERNARDO.OLIVEIRA", "last_edi_1": "2024-12-13T00:00:00" }, "geometry": { "type": "Point", "coordinates": [ -53.291666669999984, -14.862777779999931 ] } },
{ "type": "Feature", "properties": { "NOME": "Santa Luzia", "propriet": "100% para CJ 2 PARTICIPAÇÕES LTDA (REG)", "RIO": "Rio Oricó Grande", "potencia": 534.0, "ini_oper": "2011-08-23T00:00:00", "ceg": "CGH.PH.BA.030590-1.01", "created_us": "BERNARDO.OLIVEIRA", "created_da": "2024-12-13T00:00:00", "last_edite": "BERNARDO.OLIVEIRA", "last_edi_1": "2024-12-13T00:00:00" }, "geometry": { "type": "Point", "coordinates": [ -39.477066959999945, -13.984936649999952 ] } },
{ "type": "Feature", "properties": { "NOME": "Paraíso", "propriet": "100% para HIDRELÉTRICA PARAÍSO SPE LTDA. (PIE)", "RIO": "Rio das Flores", "potencia": 1000.0, "ini_oper": "2020-03-21T00:00:00", "ceg": "CGH.PH.SC.035743-0.01", "created_us": "BERNARDO.OLIVEIRA", "created_da": "2024-12-13T00:00:00", "last_edite": "BERNARDO.OLIVEIRA", "last_edi_1": "2024-12-13T00:00:00" }, "geometry": { "type": "Point", "coordinates": [ -53.652570639999965, -26.728887269999973 ] } },
{ "type": "Feature", "properties": { "NOME": "Rio das Furnas", "propriet": "100% para Energética Rio Pinheiro Ltda (REG)", "RIO": "Rio das Furnas", "potencia": 290.0, "ini_oper": "2009-08-05T00:00:00", "ceg": "CGH.PH.SC.028778-4.01", "created_us": "BERNARDO.OLIVEIRA", "created_da": "2024-12-13T00:00:00", "last_edite": "BERNARDO.OLIVEIRA", "last_edi_1": "2024-12-13T00:00:00" }, "geometry": { "type": "Point", "coordinates": [ -49.199216959999944, -28.311785209999982 ] } },
{ "type": "Feature", "properties": { "NOME": "Rio Vermelho URVE", "propriet": "100% para USINA RIO VERMELHO DE ENERGIA LTDA. (REG)", "RIO": "Rio Vermelho", "potencia": 396.0, "ini_oper": "2013-12-01T00:00:00", "ceg": "CGH.PH.SC.031376-9.01", "created_us": "BERNARDO.OLIVEIRA", "created_da": "2024-12-13T00:00:00", "last_edite": "BERNARDO.OLIVEIRA", "last_edi_1": "2024-12-13T00:00:00" }, "geometry": { "type": "Point", "coordinates": [ -49.319541669999978, -26.307575 ] } },
{ "type": "Feature", "properties": { "NOME": "Cachoeira da Onça", "propriet": "100% para SANTA MARIA GERACAO E TRANSMISSAO DE ENERGIA S/A (REG)", "RIO": "Rio São José", "potencia": 900.0, "ini_oper": "1972-06-30T00:00:00", "ceg": "CGH.PH.ES.000428-6.01", "created_us": "BERNARDO.OLIVEIRA", "created_da": "2024-12-13T00:00:00", "last_edite": "BERNARDO.OLIVEIRA", "last_edi_1": "2024-12-13T00:00:00" }, "geometry": { "type": "Point", "coordinates": [ -40.538055559999975, -19.045833329999937 ] } },
{ "type": "Feature", "properties": { "NOME": "Caboclo", "propriet": "100% para MAYNART ENERGÉTICA LTDA. (REG)", "RIO": "Rio Maynart", "potencia": 4550.0, "ini_oper": "1944-12-23T00:00:00", "ceg": "CGH.PH.MG.000345-0.02", "created_us": "BERNARDO.OLIVEIRA", "created_da": "2024-12-13T00:00:00", "last_edite": "BERNARDO.OLIVEIRA", "last_edi_1": "2024-12-13T00:00:00" }, "geometry": { "type": "Point", "coordinates": [ -43.48276532999995, -20.495007409999971 ] } },
{ "type": "Feature", "properties": { "NOME": "Pingo De Ouro", "propriet": "100% para PEQUENA CENTRAL HIDRELÉTRICA RIO IMARUÍ LTDA (REG)", "RIO": "Rio Maruim", "potencia": 2400.0, "ini_oper": "2019-12-02T00:00:00", "ceg": "CGH.PH.SC.046694-8.01", "created_us": "BERNARDO.OLIVEIRA", "created_da": "2024-12-13T00:00:00", "last_edite": "BERNARDO.OLIVEIRA", "last_edi_1": "2024-12-13T00:00:00" }, "geometry": { "type": "Point", "coordinates": [ -48.731666669999981, -27.581666669999947 ] } },
{ "type": "Feature", "properties": { "NOME": "Altoé 1", "propriet": "Hidroelétrica Altoé Ltda.", "RIO": "Igarapé Providência", "potencia": 1600.0, "ini_oper": "2018-01-01T00:00:00", "ceg": "CGH.PH.RO.000080-0", "created_us": "BERNARDO.OLIVEIRA", "created_da": "2024-12-13T00:00:00", "last_edite": "BERNARDO.OLIVEIRA", "last_edi_1": "2024-12-13T00:00:00" }, "geometry": { "type": "Point", "coordinates": [ -61.578604839999969, -12.548284 ] } },
{ "type": "Feature", "properties": { "NOME": "LENCOIS", "propriet": "100% para Chimay Empreendimentos e Participações Ltda. (REG)", "RIO": null, "potencia": 1.68, "ini_oper": "1917-01-01T00:00:00", "ceg": "CGH.PH.SP.001322-6.01", "created_us": "BERNARDO.OLIVEIRA", "created_da": "2024-12-13T00:00:00", "last_edite": "BERNARDO.OLIVEIRA", "last_edi_1": "2024-12-13T00:00:00" }, "geometry": { "type": "Point", "coordinates": [ -48.648611109999933, -22.526944439999966 ] } },
{ "type": "Feature", "properties": { "NOME": "Congonhal II", "propriet": "100% para GESM - GERAÇÃO DE ENERGIA SUL DE MINAS S/A (REG)", "RIO": "Rio do Jacu", "potencia": 428.0, "ini_oper": "1970-01-01T00:00:00", "ceg": "CGH.PH.MG.028020-8.01", "created_us": "BERNARDO.OLIVEIRA", "created_da": "2024-12-13T00:00:00", "last_edite": "BERNARDO.OLIVEIRA", "last_edi_1": "2024-12-13T00:00:00" }, "geometry": { "type": "Point", "coordinates": [ -44.84459443999998, -22.110822219999932 ] } },
{ "type": "Feature", "properties": { "NOME": "DAS PEDRAS - VIDEIRA", "propriet": "100% para Central Geradora Hidrelétrica das Pedras S.A. (REG)", "RIO": "Rio das Pedras", "potencia": 1000.0, "ini_oper": "2014-05-01T00:00:00", "ceg": "CGH.PH.SC.032084-6.01", "created_us": "BERNARDO.OLIVEIRA", "created_da": "2024-12-13T00:00:00", "last_edite": "BERNARDO.OLIVEIRA", "last_edi_1": "2024-12-13T00:00:00" }, "geometry": { "type": "Point", "coordinates": [ -51.080555559999937, -27.008055559999946 ] } },
{ "type": "Feature", "properties": { "NOME": "Hans", "propriet": "100% para ENERGISA GERAÇÃO - USINA MAURÍCIO S.A. (REG)", "RIO": "Ribeirão Santo Antônio", "potencia": 298.0, "ini_oper": "2012-01-01T00:00:00", "ceg": "CGH.PH.RJ.001083-9.01", "created_us": "BERNARDO.OLIVEIRA", "created_da": "2024-12-13T00:00:00", "last_edite": "BERNARDO.OLIVEIRA", "last_edi_1": "2024-12-13T00:00:00" }, "geometry": { "type": "Point", "coordinates": [ -42.516667379999944, -22.32912362999997 ] } },
{ "type": "Feature", "properties": { "NOME": "Bruno Heidrich", "propriet": "100% para Heidrich Industrial Mercantil e Agrícola S.A (REG)", "RIO": "Ribeirão da Vargem", "potencia": 750.0, "ini_oper": "1984-01-20T00:00:00", "ceg": "CGH.PH.SC.029356-3.01", "created_us": "BERNARDO.OLIVEIRA", "created_da": "2024-12-13T00:00:00", "last_edite": "BERNARDO.OLIVEIRA", "last_edi_1": "2024-12-13T00:00:00" }, "geometry": { "type": "Point", "coordinates": [ -50.13, -27.098611109999979 ] } },
{ "type": "Feature", "properties": { "NOME": "Mafrás", "propriet": "100% para Mafrás Energia Ltda. (REG)", "RIO": "Rio Itajaí do Norte", "potencia": 4000.0, "ini_oper": "2000-09-01T00:00:00", "ceg": "CGH.PH.SC.027711-8.02", "created_us": "BERNARDO.OLIVEIRA", "created_da": "2024-12-13T00:00:00", "last_edite": "BERNARDO.OLIVEIRA", "last_edi_1": "2024-12-13T00:00:00" }, "geometry": { "type": "Point", "coordinates": [ -49.575, -27.028055559999927 ] } },
{ "type": "Feature", "properties": { "NOME": "Juliana II", "propriet": "100% para VJ ENERGÉTICA LIMITADA (REG)", "RIO": "Rio Juliana", "potencia": 400.0, "ini_oper": "2008-05-09T00:00:00", "ceg": "CGH.PH.BA.029697-0.01", "created_us": "BERNARDO.OLIVEIRA", "created_da": "2024-12-13T00:00:00", "last_edite": "BERNARDO.OLIVEIRA", "last_edi_1": "2024-12-13T00:00:00" }, "geometry": { "type": "Point", "coordinates": [ -39.2775, -13.836944439999968 ] } },
{ "type": "Feature", "properties": { "NOME": "Juá", "propriet": "100% para JUÁ ENERGIA S.A. (PIE)", "RIO": null, "potencia": 3000.0, "ini_oper": "2024-04-10T00:00:00", "ceg": "CGH.PH.MG.046523-2.02", "created_us": "BERNARDO.OLIVEIRA", "created_da": "2024-12-13T00:00:00", "last_edite": "BERNARDO.OLIVEIRA", "last_edi_1": "2024-12-13T00:00:00" }, "geometry": { "type": "Point", "coordinates": [ -42.326380559999961, -20.845133329999953 ] } },
{ "type": "Feature", "properties": { "NOME": "Rio Palmeiras II", "propriet": "100% para Antônio Fornasa Administradora de Bens Ltda (REG)", "RIO": "Rio Palmeiras", "potencia": 1250.0, "ini_oper": "2006-03-30T00:00:00", "ceg": "CGH.PH.SC.029377-6.02", "created_us": "BERNARDO.OLIVEIRA", "created_da": "2024-12-13T00:00:00", "last_edite": "BERNARDO.OLIVEIRA", "last_edi_1": "2024-12-13T00:00:00" }, "geometry": { "type": "Point", "coordinates": [ -49.266982129999974, -28.417504229999963 ] } },
{ "type": "Feature", "properties": { "NOME": "Ponte Alta", "propriet": "100% para Alvorada Energia S.A. (REG)", "RIO": "Rio Ponte Alta", "potencia": 280.0, "ini_oper": "1948-01-01T00:00:00", "ceg": "CGH.PH.TO.027569-7.01", "created_us": "BERNARDO.OLIVEIRA", "created_da": "2024-12-13T00:00:00", "last_edite": "BERNARDO.OLIVEIRA", "last_edi_1": "2024-12-13T00:00:00" }, "geometry": { "type": "Point", "coordinates": [ -46.485, -12.097222219999935 ] } },
{ "type": "Feature", "properties": { "NOME": "Engenheiro Bernardo Figueiredo", "propriet": "100% para Monte Azul Empreendimentos Imobiliários e Geração de Energia Ltda (REG)", "RIO": "Rio Jaguari", "potencia": 2250.0, "ini_oper": "1950-10-20T00:00:00", "ceg": "CGH.PH.SP.000884-2.01", "created_us": "BERNARDO.OLIVEIRA", "created_da": "2024-12-13T00:00:00", "last_edite": "BERNARDO.OLIVEIRA", "last_edi_1": "2024-12-13T00:00:00" }, "geometry": { "type": "Point", "coordinates": [ -46.937384729999962, -22.740074499999935 ] } },
{ "type": "Feature", "properties": { "NOME": "Barra Carneiro", "propriet": "100% para TIMBO ENERGIA LTDA (REG)", "RIO": "Lajeado Água Branca", "potencia": 1500.0, "ini_oper": "2016-12-16T00:00:00", "ceg": "CGH.PH.SC.037315-0.01", "created_us": "BERNARDO.OLIVEIRA", "created_da": "2024-12-13T00:00:00", "last_edite": "BERNARDO.OLIVEIRA", "last_edi_1": "2024-12-13T00:00:00" }, "geometry": { "type": "Point", "coordinates": [ -52.73361110999997, -27.200833329999966 ] } },
{ "type": "Feature", "properties": { "NOME": "Santa Cecília", "propriet": "100% para GERMAT GERADORA DE ENERGIA DO ESTADO DE MATO GROSSO LTDA (REG)", "RIO": "Córrego Mestre", "potencia": 3500.0, "ini_oper": "2015-04-18T00:00:00", "ceg": "CGH.PH.MT.029151-0.02", "created_us": "BERNARDO.OLIVEIRA", "created_da": "2024-12-13T00:00:00", "last_edite": "BERNARDO.OLIVEIRA", "last_edi_1": "2024-12-13T00:00:00" }, "geometry": { "type": "Point", "coordinates": [ -55.375555559999952, -15.982222219999926 ] } }
]
}
